lat,lon,n_nodes,conf_min_dist,wtime,exp_err_m,weight
38.98192177830244,-78.11315661929333,3.0,98.41603090780139,2024-06-24 00:10:30,86.0,0.00013520822065981613
38.98200492876203,-78.11299705427213,4.0,98.41603090780139,2024-06-24 00:13:30,86.0,0.00013520822065981613
38.980824402347814,-78.11264351710139,8.0,52.2008027086037,2024-06-24 00:15:05,86.0,0.00013520822065981613
38.98070420428921,-78.11247471000571,6.0,82.91030438226838,2024-06-24 00:16:34,86.0,0.00013520822065981613
38.9803912113153,-78.1125992533298,8.0,87.74813767500933,2024-06-24 00:18:00,86.0,0.00013520822065981613
38.981095413789156,-78.11201637052308,3.0,110.75457099090045,2024-06-24 00:19:31,139.0,5.175715542673774e-05
38.98040520368502,-78.11289321811549,6.0,87.74813767500933,2024-06-24 00:21:01,86.0,0.00013520822065981613
38.98032678763144,-78.1129173737612,3.0,110.75457099090045,2024-06-24 00:22:33,139.0,5.175715542673774e-05
38.98056219652226,-78.11271048238382,4.0,110.75457099090045,2024-06-24 00:24:01,139.0,5.175715542673774e-05
38.98059205407229,-78.11263488029574,4.0,110.75457099090045,2024-06-24 00:25:30,139.0,5.175715542673774e-05
38.9810248906044,-78.11225120727056,3.0,98.41603090780139,2024-06-24 00:27:04,86.0,0.00013520822065981613
38.9804431626606,-78.11279368342218,4.0,104.34443607823266,2024-06-24 00:28:30,139.0,5.175715542673774e-05
38.98044665010712,-78.11287689624288,3.0,98.41603090780139,2024-06-24 00:30:00,86.0,0.00013520822065981613
38.98045577478068,-78.11277203999593,3.0,104.34443607823266,2024-06-24 00:31:30,139.0,5.175715542673774e-05
38.9802248200769,-78.11299627377257,3.0,110.75457099090045,2024-06-24 00:34:34,139.0,5.175715542673774e-05
38.981080388985156,-78.11211757832405,4.0,110.75457099090045,2024-06-24 00:36:00,139.0,5.175715542673774e-05
38.980050034742014,-78.11310772264089,3.0,110.75457099090045,2024-06-24 00:37:30,139.0,5.175715542673774e-05
38.98052230068896,-78.11270677940357,3.0,110.75457099090045,2024-06-24 00:43:30,139.0,5.175715542673774e-05
38.980726131627726,-78.1124490855793,4.0,110.75457099090045,2024-06-24 00:45:01,139.0,5.175715542673774e-05
38.98112470434375,-78.11218823070695,3.0,104.34443607823266,2024-06-24 00:48:01,139.0,5.175715542673774e-05
38.98112470434375,-78.11218823070695,3.0,104.34443607823266,2024-06-24 00:49:35,139.0,5.175715542673774e-05
38.98087205204744,-78.1124000286216,4.0,104.34443607823266,2024-06-24 00:51:06,139.0,5.175715542673774e-05
38.98095854491934,-78.11220134275915,3.0,104.34443607823266,2024-06-24 00:52:31,139.0,5.175715542673774e-05
38.98054949292946,-78.11276479908535,3.0,104.34443607823266,2024-06-24 00:54:02,139.0,5.175715542673774e-05
38.98054949292946,-78.11276479908535,3.0,104.34443607823266,2024-06-24 00:55:31,139.0,5.175715542673774e-05
38.980448619330765,-78.11290276001773,3.0,104.34443607823266,2024-06-24 00:57:09,139.0,5.175715542673774e-05
38.98054949292946,-78.11276479908535,3.0,104.34443607823266,2024-06-24 00:58:32,139.0,5.175715542673774e-05
38.98054949292946,-78.11276479908535,3.0,104.34443607823266,2024-06-24 01:01:30,139.0,5.175715542673774e-05
38.98054949292946,-78.11276479908535,3.0,104.34443607823266,2024-06-24 01:04:35,139.0,5.175715542673774e-05
38.98123711969862,-78.11222110304003,3.0,98.41603090780139,2024-06-24 01:40:30,86.0,0.00013520822065981613
38.98048235725492,-78.1129032779164,3.0,98.41603090780139,2024-06-24 01:43:36,86.0,0.00013520822065981613
38.980417929855804,-78.11293303212949,3.0,98.41603090780139,2024-06-24 01:45:09,86.0,0.00013520822065981613
38.98057499905283,-78.11272184051472,3.0,98.41603090780139,2024-06-24 01:48:05,86.0,0.00013520822065981613
38.98057499905283,-78.11272184051472,3.0,98.41603090780139,2024-06-24 01:49:33,86.0,0.00013520822065981613
38.98057499905283,-78.11272184051472,3.0,98.41603090780139,2024-06-24 01:51:01,86.0,0.00013520822065981613
38.98059327739309,-78.11268997410494,3.0,92.90198389600589,2024-06-24 01:52:30,86.0,0.00013520822065981613
38.98067120307245,-78.11260654883152,3.0,98.41603090780139,2024-06-24 01:54:02,86.0,0.00013520822065981613
38.98068769532224,-78.11262797291315,3.0,92.90198389600589,2024-06-24 01:55:31,86.0,0.00013520822065981613
38.98051564803015,-78.11290467132795,3.0,92.90198389600589,2024-06-24 01:57:04,86.0,0.00013520822065981613
38.98043870899837,-78.11301774167674,4.0,92.90198389600589,2024-06-24 02:00:04,86.0,0.00013520822065981613
38.98033219982105,-78.11304323783784,3.0,92.90198389600589,2024-06-24 02:01:32,86.0,0.00013520822065981613
38.98046462470012,-78.11275543469591,4.0,92.90198389600589,2024-06-24 02:03:00,86.0,0.00013520822065981613
38.98028290371839,-78.1131161721495,3.0,92.90198389600589,2024-06-24 02:06:01,86.0,0.00013520822065981613
38.980282220619195,-78.11313603478916,3.0,98.41603090780139,2024-06-24 02:07:39,86.0,0.00013520822065981613
38.98025204162512,-78.11308765814238,3.0,98.41603090780139,2024-06-24 02:09:02,86.0,0.00013520822065981613
38.98104956238258,-78.11228331342316,3.0,92.90198389600589,2024-06-24 02:10:30,86.0,0.00013520822065981613
38.980424246865276,-78.11307626886793,4.0,98.41603090780139,2024-06-24 02:12:03,86.0,0.00013520822065981613
38.980434027387524,-78.11297216063457,4.0,98.41603090780139,2024-06-24 02:13:33,86.0,0.00013520822065981613
38.98130723857092,-78.11221786741498,3.0,98.41603090780139,2024-06-24 02:15:01,86.0,0.00013520822065981613
38.98106696038688,-78.11222059796634,3.0,98.41603090780139,2024-06-24 02:16:32,86.0,0.00013520822065981613
38.98106696038688,-78.11222059796634,3.0,98.41603090780139,2024-06-24 02:18:00,86.0,0.00013520822065981613
38.98130723857092,-78.11221786741498,3.0,98.41603090780139,2024-06-24 02:24:02,86.0,0.00013520822065981613
38.98106696038688,-78.11222059796634,3.0,98.41603090780139,2024-06-24 02:28:33,86.0,0.00013520822065981613
38.981149249477426,-78.11221700957107,3.0,98.41603090780139,2024-06-24 02:33:00,86.0,0.00013520822065981613
38.98046506630289,-78.1130042951703,4.0,98.41603090780139,2024-06-24 02:39:04,86.0,0.00013520822065981613
38.98032139996518,-78.11299431533966,3.0,98.41603090780139,2024-06-24 02:42:00,86.0,0.00013520822065981613
38.981149249477426,-78.11221700957107,3.0,98.41603090780139,2024-06-24 02:43:32,86.0,0.00013520822065981613
38.980434027387524,-78.11297216063457,4.0,98.41603090780139,2024-06-24 02:45:00,86.0,0.00013520822065981613
38.9802834832074,-78.11304526153766,3.0,98.41603090780139,2024-06-24 02:49:34,86.0,0.00013520822065981613
38.98106696038688,-78.11222059796634,3.0,98.41603090780139,2024-06-24 02:51:07,86.0,0.00013520822065981613
38.98050823381224,-78.11290662407245,4.0,92.90198389600589,2024-06-24 02:52:35,86.0,0.00013520822065981613
38.980434027387524,-78.11297216063457,4.0,98.41603090780139,2024-06-24 02:54:03,86.0,0.00013520822065981613
38.981220151675494,-78.11220261740431,3.0,98.41603090780139,2024-06-24 02:57:04,86.0,0.00013520822065981613
38.98104956238258,-78.11228331342316,3.0,92.90198389600589,2024-06-24 02:58:32,86.0,0.00013520822065981613
38.981149249477426,-78.11221700957107,3.0,98.41603090780139,2024-06-24 03:03:06,86.0,0.00013520822065981613
38.98106696038688,-78.11222059796634,3.0,98.41603090780139,2024-06-24 03:04:34,86.0,0.00013520822065981613
38.98022774365965,-78.11312046302564,3.0,98.41603090780139,2024-06-24 03:09:03,86.0,0.00013520822065981613
38.98040179112447,-78.11302275393044,4.0,98.41603090780139,2024-06-24 03:10:41,86.0,0.00013520822065981613
38.98106696038688,-78.11222059796634,3.0,98.41603090780139,2024-06-24 03:12:09,86.0,0.00013520822065981613
38.980380003979356,-78.11305775635275,4.0,98.41603090780139,2024-06-24 03:13:37,86.0,0.00013520822065981613
38.98106696038688,-78.11222059796634,3.0,98.41603090780139,2024-06-24 03:15:00,86.0,0.00013520822065981613
38.98040179112447,-78.11302275393044,4.0,98.41603090780139,2024-06-24 03:18:01,86.0,0.00013520822065981613
38.98106696038688,-78.11222059796634,3.0,98.41603090780139,2024-06-24 03:19:31,86.0,0.00013520822065981613
38.981220151675494,-78.11220261740431,3.0,98.41603090780139,2024-06-24 03:21:02,86.0,0.00013520822065981613
38.98040179112447,-78.11302275393044,4.0,98.41603090780139,2024-06-24 03:22:30,86.0,0.00013520822065981613
38.98089703625773,-78.11248690407723,4.0,92.90198389600589,2024-06-24 03:24:00,86.0,0.00013520822065981613
38.98055936227372,-78.11263378284424,3.0,98.41603090780139,2024-06-24 03:25:31,86.0,0.00013520822065981613
38.98025493669893,-78.113289277411,3.0,98.41603090780139,2024-06-24 03:28:32,86.0,0.00013520822065981613
38.98029115057502,-78.11334453407507,3.0,98.41603090780139,2024-06-24 03:31:33,86.0,0.00013520822065981613
38.98025493669893,-78.113289277411,3.0,98.41603090780139,2024-06-24 03:33:01,86.0,0.00013520822065981613
38.980319034668035,-78.1131717624914,3.0,98.41603090780139,2024-06-24 03:34:31,86.0,0.00013520822065981613
38.98029115057502,-78.11334453407507,3.0,98.41603090780139,2024-06-24 03:36:02,86.0,0.00013520822065981613
38.98028411354037,-78.11323513082273,3.0,98.41603090780139,2024-06-24 03:37:30,86.0,0.00013520822065981613
38.98036120271594,-78.11309778042379,3.0,98.41603090780139,2024-06-24 03:39:04,86.0,0.00013520822065981613
38.98041025240937,-78.11309386091749,3.0,98.41603090780139,2024-06-24 03:40:31,86.0,0.00013520822065981613
38.98051726593783,-78.11281958474156,3.0,110.75457099090045,2024-06-24 03:42:04,139.0,5.175715542673774e-05
38.980509566214046,-78.11288338927402,3.0,110.75457099090045,2024-06-24 03:43:32,139.0,5.175715542673774e-05
38.98040544896563,-78.1130550252124,3.0,110.75457099090045,2024-06-24 03:45:00,139.0,5.175715542673774e-05
38.98052170635799,-78.11276089355769,3.0,110.75457099090045,2024-06-24 03:46:33,139.0,5.175715542673774e-05
38.980442968877334,-78.112975964355,3.0,104.34443607823266,2024-06-24 03:48:01,139.0,5.175715542673774e-05
38.98040544896563,-78.1130550252124,3.0,110.75457099090045,2024-06-24 03:49:34,139.0,5.175715542673774e-05
38.980509566214046,-78.11288338927402,3.0,110.75457099090045,2024-06-24 03:51:02,139.0,5.175715542673774e-05
38.98070301016883,-78.11263371792629,3.0,110.75457099090045,2024-06-24 03:52:30,139.0,5.175715542673774e-05
38.980509566214046,-78.11288338927402,3.0,110.75457099090045,2024-06-24 03:54:03,139.0,5.175715542673774e-05
38.980509566214046,-78.11288338927402,3.0,110.75457099090045,2024-06-24 03:55:31,139.0,5.175715542673774e-05
38.98179483219708,-78.11265338116544,3.0,110.75457099090045,2024-06-24 03:58:33,139.0,5.175715542673774e-05
38.98179483219708,-78.11265338116544,3.0,110.75457099090045,2024-06-24 04:00:00,139.0,5.175715542673774e-05
38.98070301016883,-78.11263371792629,3.0,110.75457099090045,2024-06-24 04:01:33,139.0,5.175715542673774e-05
38.980481466491725,-78.1128839335276,3.0,117.73170405170917,2024-06-24 04:03:02,139.0,5.175715542673774e-05
38.98068151859636,-78.11261521678058,3.0,110.75457099090045,2024-06-24 04:04:30,139.0,5.175715542673774e-05
38.98070301016883,-78.11263371792629,3.0,110.75457099090045,2024-06-24 04:06:12,139.0,5.175715542673774e-05
38.98071859792856,-78.11264996485751,3.0,104.34443607823266,2024-06-24 04:07:30,139.0,5.175715542673774e-05
38.98070301016883,-78.11263371792629,3.0,110.75457099090045,2024-06-24 04:10:31,139.0,5.175715542673774e-05
38.98070301016883,-78.11263371792629,3.0,110.75457099090045,2024-06-24 04:12:00,139.0,5.175715542673774e-05
38.981273819019975,-78.11231839653799,4.0,98.41603090780139,2024-06-24 04:19:34,86.0,0.00013520822065981613
38.98106696038688,-78.11222059796634,3.0,98.41603090780139,2024-06-24 04:25:31,86.0,0.00013520822065981613
38.980380003979356,-78.11305775635275,4.0,98.41603090780139,2024-06-24 04:27:04,86.0,0.00013520822065981613
38.98022774365965,-78.11312046302564,3.0,98.41603090780139,2024-06-24 04:30:05,86.0,0.00013520822065981613
38.980931444701504,-78.11239518364732,5.0,98.41603090780139,2024-06-24 04:33:12,86.0,0.00013520822065981613
38.98042167842121,-78.11286170823607,3.0,98.41603090780139,2024-06-24 04:34:34,86.0,0.00013520822065981613
38.980997011119975,-78.11251508099804,4.0,98.41603090780139,2024-06-24 04:36:02,86.0,0.00013520822065981613
38.981220151675494,-78.11220261740431,3.0,98.41603090780139,2024-06-24 04:37:31,86.0,0.00013520822065981613
38.98208293296587,-78.11307138705901,3.0,98.41603090780139,2024-06-24 04:39:03,86.0,0.00013520822065981613
38.98042167842121,-78.11286170823607,3.0,98.41603090780139,2024-06-24 04:40:36,86.0,0.00013520822065981613
38.9809315513402,-78.11249446162182,4.0,98.41603090780139,2024-06-24 04:42:00,86.0,0.00013520822065981613
38.98204303962757,-78.11334620756291,3.0,98.41603090780139,2024-06-24 04:43:32,86.0,0.00013520822065981613
38.98206045597828,-78.11350336766883,3.0,92.90198389600589,2024-06-24 04:45:00,86.0,0.00013520822065981613
38.98103934556878,-78.11247910156041,4.0,92.90198389600589,2024-06-24 04:46:33,86.0,0.00013520822065981613
38.982041335567686,-78.11367628878874,3.0,92.90198389600589,2024-06-24 04:48:01,86.0,0.00013520822065981613
38.98112695307859,-78.11224939363751,3.0,92.90198389600589,2024-06-24 04:49:34,86.0,0.00013520822065981613
38.98057208049218,-78.11295439302232,5.0,87.74813767500933,2024-06-24 04:51:02,86.0,0.00013520822065981613
38.980470409249094,-78.11299045101826,5.0,87.74813767500933,2024-06-24 04:52:30,86.0,0.00013520822065981613
38.98071992878149,-78.11268108202219,5.0,92.90198389600589,2024-06-24 04:54:03,86.0,0.00013520822065981613
38.98103388591069,-78.11251111998943,4.0,87.74813767500933,2024-06-24 04:55:31,86.0,0.00013520822065981613
38.9807471491664,-78.1126798946789,4.0,87.74813767500933,2024-06-24 04:57:04,86.0,0.00013520822065981613
38.98107649080238,-78.1124749049428,4.0,87.74813767500933,2024-06-24 04:58:37,86.0,0.00013520822065981613
38.980420130800496,-78.11302939474392,5.0,87.74813767500933,2024-06-24 05:00:00,86.0,0.00013520822065981613
38.980721676400414,-78.1126110104173,4.0,92.90198389600589,2024-06-24 05:01:47,86.0,0.00013520822065981613
38.980763302168164,-78.11266119744461,4.0,87.74813767500933,2024-06-24 05:03:01,86.0,0.00013520822065981613
38.980478709827004,-78.11287782808782,4.0,92.90198389600589,2024-06-24 05:04:34,86.0,0.00013520822065981613
38.98033559064672,-78.11295961349738,3.0,92.90198389600589,2024-06-24 05:06:02,86.0,0.00013520822065981613
38.98120774604086,-78.11225715881095,3.0,92.90198389600589,2024-06-24 05:07:30,86.0,0.00013520822065981613
38.98097216613982,-78.11229320477042,3.0,92.90198389600589,2024-06-24 05:09:03,86.0,0.00013520822065981613
38.98112695307859,-78.11224939363751,3.0,92.90198389600589,2024-06-24 05:10:31,86.0,0.00013520822065981613
38.98097216613982,-78.11229320477042,3.0,92.90198389600589,2024-06-24 05:12:04,86.0,0.00013520822065981613
38.98112695307859,-78.11224939363751,3.0,92.90198389600589,2024-06-24 05:13:32,86.0,0.00013520822065981613
38.98098980825089,-78.11222923750822,3.0,98.41603090780139,2024-06-24 05:15:00,86.0,0.00013520822065981613
38.98097216613982,-78.11229320477042,3.0,92.90198389600589,2024-06-24 05:16:33,86.0,0.00013520822065981613
38.98098980825089,-78.11222923750822,3.0,98.41603090780139,2024-06-24 05:18:01,86.0,0.00013520822065981613
38.98098980825089,-78.11222923750822,3.0,98.41603090780139,2024-06-24 05:19:39,86.0,0.00013520822065981613
38.98037652343512,-78.11294647249414,4.0,92.90198389600589,2024-06-24 05:21:02,86.0,0.00013520822065981613
38.98056615612211,-78.11276304806081,4.0,98.41603090780139,2024-06-24 05:22:30,86.0,0.00013520822065981613
38.98097216613982,-78.11229320477042,3.0,92.90198389600589,2024-06-24 05:24:03,86.0,0.00013520822065981613
38.981051772897644,-78.11224597057132,3.0,92.90198389600589,2024-06-24 05:25:31,86.0,0.00013520822065981613
38.98037652343512,-78.11294647249414,4.0,92.90198389600589,2024-06-24 05:27:04,86.0,0.00013520822065981613
38.98112695307859,-78.11224939363751,3.0,92.90198389600589,2024-06-24 05:28:32,86.0,0.00013520822065981613
38.980796031407536,-78.11262797999387,4.0,98.41603090780139,2024-06-24 05:31:33,86.0,0.00013520822065981613
38.98098980825089,-78.11222923750822,3.0,98.41603090780139,2024-06-24 05:33:01,86.0,0.00013520822065981613
38.98078585671186,-78.1126670312396,4.0,92.90198389600589,2024-06-24 05:34:44,86.0,0.00013520822065981613
38.98040179112447,-78.11302275393044,4.0,98.41603090780139,2024-06-24 05:36:02,86.0,0.00013520822065981613
38.98097216613982,-78.11229320477042,3.0,92.90198389600589,2024-06-24 05:37:35,86.0,0.00013520822065981613
38.981149249477426,-78.11221700957107,3.0,98.41603090780139,2024-06-24 05:39:07,86.0,0.00013520822065981613
38.98106696038688,-78.11222059796634,3.0,98.41603090780139,2024-06-24 05:40:30,86.0,0.00013520822065981613
38.98106696038688,-78.11222059796634,3.0,98.41603090780139,2024-06-24 05:42:00,86.0,0.00013520822065981613
38.98106696038688,-78.11222059796634,3.0,98.41603090780139,2024-06-24 05:43:31,86.0,0.00013520822065981613
38.98106696038688,-78.11222059796634,3.0,98.41603090780139,2024-06-24 05:45:00,86.0,0.00013520822065981613
38.98098980825089,-78.11222923750822,3.0,98.41603090780139,2024-06-24 05:46:38,86.0,0.00013520822065981613
38.98098980825089,-78.11222923750822,3.0,98.41603090780139,2024-06-24 05:52:39,86.0,0.00013520822065981613
38.98098980825089,-78.11222923750822,3.0,98.41603090780139,2024-06-24 05:55:30,86.0,0.00013520822065981613
38.9808109477275,-78.11254521154069,4.0,98.41603090780139,2024-06-24 05:57:03,86.0,0.00013520822065981613
38.98098980825089,-78.11222923750822,3.0,98.41603090780139,2024-06-24 05:58:36,86.0,0.00013520822065981613
38.98098980825089,-78.11222923750822,3.0,98.41603090780139,2024-06-24 06:00:09,86.0,0.00013520822065981613
38.98098980825089,-78.11222923750822,3.0,98.41603090780139,2024-06-24 06:01:32,86.0,0.00013520822065981613
38.98022774365965,-78.11312046302564,3.0,98.41603090780139,2024-06-24 06:03:05,86.0,0.00013520822065981613
38.980412281886245,-78.11292357508283,4.0,98.41603090780139,2024-06-24 06:06:01,86.0,0.00013520822065981613
38.980900058509434,-78.1123285327303,4.0,98.41603090780139,2024-06-24 06:07:30,86.0,0.00013520822065981613
38.980478709827004,-78.11287782808782,4.0,92.90198389600589,2024-06-24 06:09:02,86.0,0.00013520822065981613
38.98078420966476,-78.11260519868777,4.0,92.90198389600589,2024-06-24 06:10:35,86.0,0.00013520822065981613
38.98030249824649,-78.11299632469711,5.0,98.41603090780139,2024-06-24 06:12:03,86.0,0.00013520822065981613
38.9805368017238,-78.11275553377995,4.0,98.41603090780139,2024-06-24 06:13:31,86.0,0.00013520822065981613
38.98048550977444,-78.11282329220207,4.0,98.41603090780139,2024-06-24 06:15:04,86.0,0.00013520822065981613
38.98041158321561,-78.11286130707907,3.0,92.90198389600589,2024-06-24 06:16:32,86.0,0.00013520822065981613
38.98032455335658,-78.11291549240373,3.0,98.41603090780139,2024-06-24 06:18:20,86.0,0.00013520822065981613
38.98032455335658,-78.11291549240373,3.0,98.41603090780139,2024-06-24 06:22:33,86.0,0.00013520822065981613
38.98032455335658,-78.11291549240373,3.0,98.41603090780139,2024-06-24 06:24:02,86.0,0.00013520822065981613
38.98032455335658,-78.11291549240373,3.0,98.41603090780139,2024-06-24 06:25:34,86.0,0.00013520822065981613
38.98036996336141,-78.11286062263022,3.0,98.41603090780139,2024-06-24 06:27:02,86.0,0.00013520822065981613
38.98042214374331,-78.11283454726573,4.0,98.41603090780139,2024-06-24 06:28:36,86.0,0.00013520822065981613
38.980444133809364,-78.11287946612028,4.0,98.41603090780139,2024-06-24 06:30:24,86.0,0.00013520822065981613
38.980560609411675,-78.11270174679606,4.0,92.90198389600589,2024-06-24 06:31:31,86.0,0.00013520822065981613
38.98051665973613,-78.11282466670228,4.0,92.90198389600589,2024-06-24 06:33:09,86.0,0.00013520822065981613
38.98075640455773,-78.11263648565902,4.0,92.90198389600589,2024-06-24 06:34:32,86.0,0.00013520822065981613
38.98028642970861,-78.11296142977146,3.0,98.41603090780139,2024-06-24 06:37:33,86.0,0.00013520822065981613
38.980366749758446,-78.11299300755383,3.0,92.90198389600589,2024-06-24 06:39:06,86.0,0.00013520822065981613
38.980370143876904,-78.11291469923326,3.0,92.90198389600589,2024-06-24 06:40:31,86.0,0.00013520822065981613
38.980370143876904,-78.11291469923326,3.0,92.90198389600589,2024-06-24 06:42:04,86.0,0.00013520822065981613
38.98033559064672,-78.11295961349738,3.0,92.90198389600589,2024-06-24 06:43:30,86.0,0.00013520822065981613
38.980444133809364,-78.11287946612028,4.0,98.41603090780139,2024-06-24 06:45:03,86.0,0.00013520822065981613
38.98033092747208,-78.11281763690037,5.0,98.41603090780139,2024-06-24 06:46:31,86.0,0.00013520822065981613
38.98045199769104,-78.1127968257624,4.0,98.41603090780139,2024-06-24 06:48:04,86.0,0.00013520822065981613
38.980444133809364,-78.11287946612028,4.0,98.41603090780139,2024-06-24 06:49:37,86.0,0.00013520822065981613
38.980444133809364,-78.11287946612028,4.0,98.41603090780139,2024-06-24 06:51:00,86.0,0.00013520822065981613
38.980478709827004,-78.11287782808782,4.0,92.90198389600589,2024-06-24 06:52:33,86.0,0.00013520822065981613
38.98068874681181,-78.11052850085893,3.0,117.73170405170917,2024-06-24 06:54:01,139.0,5.175715542673774e-05
38.98051665973613,-78.11282466670228,4.0,92.90198389600589,2024-06-24 06:55:30,86.0,0.00013520822065981613
38.980478709827004,-78.11287782808782,4.0,92.90198389600589,2024-06-24 06:57:02,86.0,0.00013520822065981613
38.980478709827004,-78.11287782808782,4.0,92.90198389600589,2024-06-24 06:58:30,86.0,0.00013520822065981613
38.980444133809364,-78.11287946612028,4.0,98.41603090780139,2024-06-24 07:00:03,86.0,0.00013520822065981613
38.980478709827004,-78.11287782808782,4.0,92.90198389600589,2024-06-24 07:01:41,86.0,0.00013520822065981613
38.980412281886245,-78.11292357508283,4.0,98.41603090780139,2024-06-24 07:03:04,86.0,0.00013520822065981613
38.980444133809364,-78.11287946612028,4.0,98.41603090780139,2024-06-24 07:04:31,86.0,0.00013520822065981613
38.980412281886245,-78.11292357508283,4.0,98.41603090780139,2024-06-24 07:06:15,86.0,0.00013520822065981613
38.98023144192549,-78.11302723272904,3.0,98.41603090780139,2024-06-24 07:07:32,86.0,0.00013520822065981613
38.98025920564585,-78.11291695861401,3.0,98.41603090780139,2024-06-24 07:09:00,86.0,0.00013520822065981613
38.980734304424686,-78.1126312585984,4.0,98.41603090780139,2024-06-24 07:10:33,86.0,0.00013520822065981613
38.98025503015136,-78.11299908435089,3.0,98.41603090780139,2024-06-24 07:12:01,86.0,0.00013520822065981613
38.98098980825089,-78.11222923750822,3.0,98.41603090780139,2024-06-24 07:16:30,86.0,0.00013520822065981613
38.980412281886245,-78.11292357508283,4.0,98.41603090780139,2024-06-24 07:19:31,86.0,0.00013520822065981613
38.98065806296302,-78.11260379839133,4.0,98.41603090780139,2024-06-24 07:21:01,86.0,0.00013520822065981613
38.98025204162512,-78.11308765814238,3.0,98.41603090780139,2024-06-24 07:24:00,86.0,0.00013520822065981613
38.98028642970861,-78.11296142977146,3.0,98.41603090780139,2024-06-24 07:27:01,86.0,0.00013520822065981613
38.98025503015136,-78.11299908435089,3.0,98.41603090780139,2024-06-24 07:28:34,86.0,0.00013520822065981613
38.98025503015136,-78.11299908435089,3.0,98.41603090780139,2024-06-24 07:30:02,86.0,0.00013520822065981613
38.980444133809364,-78.11287946612028,4.0,98.41603090780139,2024-06-24 07:31:31,86.0,0.00013520822065981613
38.98029015257428,-78.11288325384392,3.0,98.41603090780139,2024-06-24 07:33:08,86.0,0.00013520822065981613
38.98025503015136,-78.11299908435089,3.0,98.41603090780139,2024-06-24 07:34:30,86.0,0.00013520822065981613
38.980412281886245,-78.11292357508283,4.0,98.41603090780139,2024-06-24 07:36:04,86.0,0.00013520822065981613
38.98025503015136,-78.11299908435089,3.0,98.41603090780139,2024-06-24 07:37:31,86.0,0.00013520822065981613
38.980412281886245,-78.11292357508283,4.0,98.41603090780139,2024-06-24 07:39:04,86.0,0.00013520822065981613
38.980412281886245,-78.11292357508283,4.0,98.41603090780139,2024-06-24 07:40:32,86.0,0.00013520822065981613
38.980412281886245,-78.11292357508283,4.0,98.41603090780139,2024-06-24 07:42:00,86.0,0.00013520822065981613
38.98039192817775,-78.11295212895351,4.0,98.41603090780139,2024-06-24 07:43:33,86.0,0.00013520822065981613
38.98039192817775,-78.11295212895351,4.0,98.41603090780139,2024-06-24 07:45:01,86.0,0.00013520822065981613
38.98025503015136,-78.11299908435089,3.0,98.41603090780139,2024-06-24 07:46:34,86.0,0.00013520822065981613
38.980412281886245,-78.11292357508283,4.0,98.41603090780139,2024-06-24 07:48:02,86.0,0.00013520822065981613
38.980412281886245,-78.11292357508283,4.0,98.41603090780139,2024-06-24 07:49:35,86.0,0.00013520822065981613
38.98028642970861,-78.11296142977146,3.0,98.41603090780139,2024-06-24 07:51:04,86.0,0.00013520822065981613
38.98075189295228,-78.11261092464707,4.0,98.41603090780139,2024-06-24 07:52:31,86.0,0.00013520822065981613
38.980444133809364,-78.11287946612028,4.0,98.41603090780139,2024-06-24 07:54:14,86.0,0.00013520822065981613
38.98025503015136,-78.11299908435089,3.0,98.41603090780139,2024-06-24 07:55:32,86.0,0.00013520822065981613
38.98025503015136,-78.11299908435089,3.0,98.41603090780139,2024-06-24 07:57:00,86.0,0.00013520822065981613
38.980199714530734,-78.11300114129983,3.0,104.34443607823266,2024-06-24 07:58:33,139.0,5.175715542673774e-05
38.98039192817775,-78.11295212895351,4.0,98.41603090780139,2024-06-24 08:00:01,86.0,0.00013520822065981613
38.980412281886245,-78.11292357508283,4.0,98.41603090780139,2024-06-24 08:03:02,86.0,0.00013520822065981613
38.98023144192549,-78.11302723272904,3.0,98.41603090780139,2024-06-24 08:04:31,86.0,0.00013520822065981613
38.98039192817775,-78.11295212895351,4.0,98.41603090780139,2024-06-24 08:06:02,86.0,0.00013520822065981613
38.980734304424686,-78.1126312585984,4.0,98.41603090780139,2024-06-24 08:10:31,86.0,0.00013520822065981613
38.980412281886245,-78.11292357508283,4.0,98.41603090780139,2024-06-24 08:12:04,86.0,0.00013520822065981613
38.98023144192549,-78.11302723272904,3.0,98.41603090780139,2024-06-24 08:13:32,86.0,0.00013520822065981613
38.98023144192549,-78.11302723272904,3.0,98.41603090780139,2024-06-24 08:15:00,86.0,0.00013520822065981613
38.98025503015136,-78.11299908435089,3.0,98.41603090780139,2024-06-24 08:16:33,86.0,0.00013520822065981613
38.98023144192549,-78.11302723272904,3.0,98.41603090780139,2024-06-24 08:18:01,86.0,0.00013520822065981613
38.980412281886245,-78.11292357508283,4.0,98.41603090780139,2024-06-24 08:21:02,86.0,0.00013520822065981613
38.980412281886245,-78.11292357508283,4.0,98.41603090780139,2024-06-24 08:22:30,86.0,0.00013520822065981613
38.980412281886245,-78.11292357508283,4.0,98.41603090780139,2024-06-24 08:24:03,86.0,0.00013520822065981613
38.98040427742789,-78.11285720664368,4.0,98.41603090780139,2024-06-24 08:25:31,86.0,0.00013520822065981613
38.980412281886245,-78.11292357508283,4.0,98.41603090780139,2024-06-24 08:27:04,86.0,0.00013520822065981613
38.980412281886245,-78.11292357508283,4.0,98.41603090780139,2024-06-24 08:28:32,86.0,0.00013520822065981613
38.980412281886245,-78.11292357508283,4.0,98.41603090780139,2024-06-24 08:30:00,86.0,0.00013520822065981613
38.98040427742789,-78.11285720664368,4.0,98.41603090780139,2024-06-24 08:31:33,86.0,0.00013520822065981613
38.98023144192549,-78.11302723272904,3.0,98.41603090780139,2024-06-24 08:33:00,86.0,0.00013520822065981613
38.98098980825089,-78.11222923750822,3.0,98.41603090780139,2024-06-24 08:34:30,86.0,0.00013520822065981613
38.98039192817775,-78.11295212895351,4.0,98.41603090780139,2024-06-24 08:36:01,86.0,0.00013520822065981613
38.980779036648435,-78.11258026040991,4.0,98.41603090780139,2024-06-24 08:37:31,86.0,0.00013520822065981613
38.98025503015136,-78.11299908435089,3.0,98.41603090780139,2024-06-24 08:39:04,86.0,0.00013520822065981613
38.98040427742789,-78.11285720664368,4.0,98.41603090780139,2024-06-24 08:40:30,86.0,0.00013520822065981613
38.980412281886245,-78.11292357508283,4.0,98.41603090780139,2024-06-24 08:42:03,86.0,0.00013520822065981613
38.980412281886245,-78.11292357508283,4.0,98.41603090780139,2024-06-24 08:43:31,86.0,0.00013520822065981613
38.98098980825089,-78.11222923750822,3.0,98.41603090780139,2024-06-24 08:45:01,86.0,0.00013520822065981613
38.980444133809364,-78.11287946612028,4.0,98.41603090780139,2024-06-24 08:48:05,86.0,0.00013520822065981613
38.980444133809364,-78.11287946612028,4.0,98.41603090780139,2024-06-24 08:49:48,86.0,0.00013520822065981613
38.98039192817775,-78.11295212895351,4.0,98.41603090780139,2024-06-24 08:51:01,86.0,0.00013520822065981613
38.98023144192549,-78.11302723272904,3.0,98.41603090780139,2024-06-24 08:52:30,86.0,0.00013520822065981613
38.980412281886245,-78.11292357508283,4.0,98.41603090780139,2024-06-24 08:54:02,86.0,0.00013520822065981613
38.98113876407224,-78.11219450141942,3.0,98.41603090780139,2024-06-24 08:55:30,86.0,0.00013520822065981613
38.98042167842121,-78.11286170823607,3.0,98.41603090780139,2024-06-24 08:57:03,86.0,0.00013520822065981613
38.98025503015136,-78.11299908435089,3.0,98.41603090780139,2024-06-24 08:58:31,86.0,0.00013520822065981613
38.98106696038688,-78.11222059796634,3.0,98.41603090780139,2024-06-24 09:03:15,86.0,0.00013520822065981613
38.98106696038688,-78.11222059796634,3.0,98.41603090780139,2024-06-24 09:06:05,86.0,0.00013520822065981613
38.98074167424039,-78.11248981332058,3.0,104.34443607823266,2024-06-24 09:16:33,139.0,5.175715542673774e-05
38.98070301016883,-78.11263371792629,3.0,110.75457099090045,2024-06-24 09:18:04,139.0,5.175715542673774e-05
38.98179483219708,-78.11265338116544,3.0,110.75457099090045,2024-06-24 09:19:32,139.0,5.175715542673774e-05
38.98070301016883,-78.11263371792629,3.0,110.75457099090045,2024-06-24 09:21:07,139.0,5.175715542673774e-05
38.98070301016883,-78.11263371792629,3.0,110.75457099090045,2024-06-24 09:22:32,139.0,5.175715542673774e-05
38.98070301016883,-78.11263371792629,3.0,110.75457099090045,2024-06-24 09:24:06,139.0,5.175715542673774e-05
38.98068852019388,-78.11261839146378,3.0,117.73170405170917,2024-06-24 09:25:34,139.0,5.175715542673774e-05
38.98179483219708,-78.11265338116544,3.0,110.75457099090045,2024-06-24 09:27:02,139.0,5.175715542673774e-05
38.98070301016883,-78.11263371792629,3.0,110.75457099090045,2024-06-24 09:28:35,139.0,5.175715542673774e-05
38.981775746011074,-78.1126188096605,3.0,110.75457099090045,2024-06-24 09:30:08,139.0,5.175715542673774e-05
38.98070301016883,-78.11263371792629,3.0,110.75457099090045,2024-06-24 09:31:31,139.0,5.175715542673774e-05
38.98070301016883,-78.11263371792629,3.0,110.75457099090045,2024-06-24 09:33:04,139.0,5.175715542673774e-05
38.980509566214046,-78.11288338927402,3.0,110.75457099090045,2024-06-24 09:34:31,139.0,5.175715542673774e-05
38.980509566214046,-78.11288338927402,3.0,110.75457099090045,2024-06-24 09:36:04,139.0,5.175715542673774e-05
38.980509566214046,-78.11288338927402,3.0,110.75457099090045,2024-06-24 09:37:37,139.0,5.175715542673774e-05
38.98052230068896,-78.11270677940357,3.0,110.75457099090045,2024-06-24 09:39:00,139.0,5.175715542673774e-05
38.980481466491725,-78.1128839335276,3.0,117.73170405170917,2024-06-24 09:40:33,139.0,5.175715542673774e-05
38.980481466491725,-78.1128839335276,3.0,117.73170405170917,2024-06-24 09:42:06,139.0,5.175715542673774e-05
38.980509566214046,-78.11288338927402,3.0,110.75457099090045,2024-06-24 09:43:34,139.0,5.175715542673774e-05
38.98051726593783,-78.11281958474156,3.0,110.75457099090045,2024-06-24 09:45:02,139.0,5.175715542673774e-05
38.980509566214046,-78.11288338927402,3.0,110.75457099090045,2024-06-24 09:51:30,139.0,5.175715542673774e-05
38.980888227304824,-78.11205832910623,6.0,40.407421769014626,2024-06-24 09:52:31,48.1,0.00043222496444949665
38.98089520698753,-78.11221818693963,6.0,66.07128491492402,2024-06-24 09:54:00,86.0,0.00013520822065981613
38.980723274621916,-78.11229972436801,5.0,98.41603090780139,2024-06-24 09:55:32,86.0,0.00013520822065981613
38.98080945888055,-78.11214466230177,3.0,98.41603090780139,2024-06-24 09:57:00,86.0,0.00013520822065981613
38.98069463384543,-78.11245937316349,4.0,117.73170405170917,2024-06-24 09:58:33,139.0,5.175715542673774e-05
38.98069463384543,-78.11245937316349,4.0,117.73170405170917,2024-06-24 10:00:01,139.0,5.175715542673774e-05
38.98048885182823,-78.11260028453898,3.0,117.73170405170917,2024-06-24 10:01:34,139.0,5.175715542673774e-05
38.98069463384543,-78.11245937316349,4.0,117.73170405170917,2024-06-24 10:03:02,139.0,5.175715542673774e-05
38.97999867007268,-78.11312503957221,3.0,133.86303487198188,2024-06-24 10:04:30,139.0,5.175715542673774e-05
38.97999867007268,-78.11312503957221,3.0,133.86303487198188,2024-06-24 10:06:03,139.0,5.175715542673774e-05
38.97999867007268,-78.11312503957221,3.0,133.86303487198188,2024-06-24 10:07:31,139.0,5.175715542673774e-05
38.97999867007268,-78.11312503957221,3.0,133.86303487198188,2024-06-24 10:09:04,139.0,5.175715542673774e-05
38.98006656071155,-78.11316311525172,3.0,133.86303487198188,2024-06-24 10:10:32,139.0,5.175715542673774e-05
38.97999867007268,-78.11312503957221,3.0,133.86303487198188,2024-06-24 10:12:00,139.0,5.175715542673774e-05
38.98013410372735,-78.11301117656235,3.0,133.86303487198188,2024-06-24 10:13:32,139.0,5.175715542673774e-05
38.98006273412011,-78.11307300278754,3.0,133.86303487198188,2024-06-24 10:15:00,139.0,5.175715542673774e-05
38.97994067897497,-78.11316945083841,3.0,133.86303487198188,2024-06-24 10:16:34,139.0,5.175715542673774e-05
38.981444227096574,-78.1123256867165,4.0,58.831736285581336,2024-06-24 10:19:30,86.0,0.00013520822065981613
38.981491937383865,-78.1123573741117,3.0,74.04256634085611,2024-06-24 10:21:03,86.0,0.00013520822065981613
38.9811877306186,-78.11206945982336,6.0,49.083181570336876,2024-06-24 10:22:30,48.1,0.00043222496444949665
38.98136344884665,-78.11209892963981,7.0,46.084042311227975,2024-06-24 10:24:03,48.1,0.00043222496444949665
38.98132079310024,-78.11210505167467,7.0,49.083181570336876,2024-06-24 10:25:36,48.1,0.00043222496444949665
38.98132203782461,-78.11208554033942,6.0,49.083181570336876,2024-06-24 10:27:04,48.1,0.00043222496444949665
38.98134403494049,-78.11208385756917,6.0,49.083181570336876,2024-06-24 10:28:32,48.1,0.00043222496444949665
38.981341728959876,-78.11212110484558,7.0,49.083181570336876,2024-06-24 10:30:05,48.1,0.00043222496444949665
38.9814756038254,-78.11213671131875,6.0,49.083181570336876,2024-06-24 10:31:33,48.1,0.00043222496444949665
38.98139521325325,-78.11211042002151,6.0,49.083181570336876,2024-06-24 10:33:01,48.1,0.00043222496444949665
38.98120935763355,-78.11206407789767,7.0,49.083181570336876,2024-06-24 10:34:34,48.1,0.00043222496444949665
38.9808690725488,-78.11216187661545,8.0,82.91030438226838,2024-06-24 10:36:01,86.0,0.00013520822065981613
38.98107286192897,-78.11208802243797,5.0,69.9563345536149,2024-06-24 10:37:35,86.0,0.00013520822065981613
38.981057058449636,-78.11201781702103,4.0,69.9563345536149,2024-06-24 10:39:03,86.0,0.00013520822065981613
38.98118588330919,-78.1121655385437,4.0,74.04256634085611,2024-06-24 10:40:31,86.0,0.00013520822065981613
38.98100679419709,-78.11194854417667,5.0,74.04256634085611,2024-06-24 10:42:04,86.0,0.00013520822065981613
38.98107405676633,-78.11201998805878,4.0,74.04256634085611,2024-06-24 10:43:32,86.0,0.00013520822065981613
38.98107217913539,-78.1120903200226,4.0,74.04256634085611,2024-06-24 10:45:10,86.0,0.00013520822065981613
38.982087925814994,-78.11227992445632,3.0,92.90198389600589,2024-06-24 10:46:32,86.0,0.00013520822065981613
38.982142655497576,-78.11220900193068,3.0,87.74813767500933,2024-06-24 10:48:00,86.0,0.00013520822065981613
38.982142655497576,-78.11220900193068,3.0,87.74813767500933,2024-06-24 10:49:33,86.0,0.00013520822065981613
38.98214464585235,-78.1123321129221,4.0,92.90198389600589,2024-06-24 10:52:34,86.0,0.00013520822065981613
38.98109874931677,-78.11214423157853,5.0,78.3519595209361,2024-06-24 10:54:02,86.0,0.00013520822065981613
38.98113934123872,-78.11222691240236,5.0,78.3519595209361,2024-06-24 10:55:30,86.0,0.00013520822065981613
38.9811157240094,-78.11216088043925,5.0,74.04256634085611,2024-06-24 10:57:03,86.0,0.00013520822065981613
38.981879196850315,-78.1123281603304,3.0,78.3519595209361,2024-06-24 10:58:36,86.0,0.00013520822065981613
38.98198613438553,-78.1126605215258,3.0,104.34443607823266,2024-06-24 11:00:04,139.0,5.175715542673774e-05
38.982229931897685,-78.11146488883223,4.0,92.90198389600589,2024-06-24 11:03:00,86.0,0.00013520822065981613
38.98090667366855,-78.11221378903019,5.0,98.41603090780139,2024-06-24 11:06:01,86.0,0.00013520822065981613
38.982060198094544,-78.11244521989413,3.0,92.90198389600589,2024-06-24 11:07:39,86.0,0.00013520822065981613
38.982133499959374,-78.11233394306689,3.0,92.90198389600589,2024-06-24 11:09:02,86.0,0.00013520822065981613
38.98094498903956,-78.11211080978077,4.0,92.90198389600589,2024-06-24 11:10:30,86.0,0.00013520822065981613
38.982071274362085,-78.11241948077591,4.0,117.73170405170917,2024-06-24 11:12:02,139.0,5.175715542673774e-05
38.98220476159111,-78.11246435932452,4.0,117.73170405170917,2024-06-24 11:13:30,139.0,5.175715542673774e-05
38.98122121218351,-78.11213927629942,8.0,35.11182907823195,2024-06-24 11:15:03,48.1,0.00043222496444949665
38.98127846666258,-78.11217986487043,8.0,30.14931492356065,2024-06-24 11:16:31,48.1,0.00043222496444949665
38.98052197436857,-78.11250978412083,8.0,55.44665345531434,2024-06-24 11:18:01,86.0,0.00013520822065981613
38.98037072112425,-78.11231619795656,8.0,46.084042311227975,2024-06-24 11:19:32,48.1,0.00043222496444949665
38.98047094959436,-78.11232293459305,8.0,49.083181570336876,2024-06-24 11:21:00,48.1,0.00043222496444949665
38.98091206073985,-78.11217267313309,8.0,37.71522006741689,2024-06-24 11:22:30,48.1,0.00043222496444949665
38.97834861129462,-78.11461375574851,8.0,12.932549603021481,2024-06-24 11:24:01,48.1,0.00043222496444949665
38.9810052685803,-78.11223126043083,8.0,35.11182907823195,2024-06-24 11:25:30,48.1,0.00043222496444949665
38.98086948359478,-78.11215532185088,8.0,32.59157603799735,2024-06-24 11:27:03,48.1,0.00043222496444949665
38.98092812708181,-78.11219300496211,8.0,32.59157603799735,2024-06-24 11:28:36,48.1,0.00043222496444949665
38.9808698166992,-78.11216670957322,8.0,32.59157603799735,2024-06-24 11:30:04,48.1,0.00043222496444949665
38.98079544998309,-78.11221089166708,8.0,37.71522006741689,2024-06-24 11:31:32,48.1,0.00043222496444949665
38.98137961985902,-78.11205857256019,8.0,27.7803631917344,2024-06-24 11:33:00,48.1,0.00043222496444949665
38.98156722712159,-78.1120412681707,8.0,30.14931492356065,2024-06-24 11:34:33,48.1,0.00043222496444949665
38.981558970106114,-78.11203819734267,8.0,30.14931492356065,2024-06-24 11:36:01,48.1,0.00043222496444949665
38.981352304757316,-78.11220078958246,8.0,32.59157603799735,2024-06-24 11:37:30,48.1,0.00043222496444949665
38.98137896393045,-78.11236703507085,8.0,37.71522006741689,2024-06-24 11:39:03,48.1,0.00043222496444949665
38.98076831712561,-78.11226860316695,8.0,40.407421769014626,2024-06-24 11:40:31,48.1,0.00043222496444949665
38.980241743478,-78.11256499284045,8.0,66.07128491492402,2024-06-24 11:42:04,86.0,0.00013520822065981613
38.98126028999443,-78.11194353152122,8.0,21.07240853418264,2024-06-24 11:43:32,48.1,0.00043222496444949665
38.981001813299,-78.11229134829958,8.0,43.19470812259763,2024-06-24 11:45:00,48.1,0.00043222496444949665
38.98066770776138,-78.11244259589816,8.0,49.083181570336876,2024-06-24 11:46:34,48.1,0.00043222496444949665
38.98087052835273,-78.11229110194478,8.0,40.407421769014626,2024-06-24 11:48:02,48.1,0.00043222496444949665
38.9808022914927,-78.11233369237549,8.0,43.19470812259763,2024-06-24 11:49:30,48.1,0.00043222496444949665
38.9808993600538,-78.1123098397037,8.0,43.19470812259763,2024-06-24 11:51:00,48.1,0.00043222496444949665
38.98109470294402,-78.11206331453035,8.0,32.59157603799735,2024-06-24 11:52:32,48.1,0.00043222496444949665
38.98084027691364,-78.11234271193587,8.0,43.19470812259763,2024-06-24 11:54:00,48.1,0.00043222496444949665
38.98088430759666,-78.11240126334073,8.0,40.407421769014626,2024-06-24 11:55:33,48.1,0.00043222496444949665
38.98073354247354,-78.1124196014658,8.0,40.407421769014626,2024-06-24 11:57:07,48.1,0.00043222496444949665
38.980798394322356,-78.11246463407949,8.0,43.19470812259763,2024-06-24 11:58:30,48.1,0.00043222496444949665
38.98085276956011,-78.11233893929342,8.0,49.083181570336876,2024-06-24 12:00:03,48.1,0.00043222496444949665
38.98161948372579,-78.11207586860087,8.0,25.480447739562972,2024-06-24 12:01:32,48.1,0.00043222496444949665
38.981172102615766,-78.11213935679255,8.0,30.14931492356065,2024-06-24 12:03:00,48.1,0.00043222496444949665
38.980913712787654,-78.11283155443395,8.0,49.083181570336876,2024-06-24 12:04:33,48.1,0.00043222496444949665
38.98123535001921,-78.11214829454738,8.0,25.480447739562972,2024-06-24 12:06:01,48.1,0.00043222496444949665
38.98111819225559,-78.11203752227804,8.0,25.480447739562972,2024-06-24 12:07:31,48.1,0.00043222496444949665
38.98134817774861,-78.11209264376748,8.0,25.480447739562972,2024-06-24 12:09:03,48.1,0.00043222496444949665
38.98118003783782,-78.1120331513651,8.0,25.480447739562972,2024-06-24 12:10:31,48.1,0.00043222496444949665
38.98133379907812,-78.11206719203105,8.0,25.480447739562972,2024-06-24 12:12:04,48.1,0.00043222496444949665
38.98124619756203,-78.11216153305834,8.0,25.480447739562972,2024-06-24 12:13:33,48.1,0.00043222496444949665
38.98141825528643,-78.11213595449154,8.0,27.7803631917344,2024-06-24 12:15:01,48.1,0.00043222496444949665
38.98146027435344,-78.11215693695662,8.0,25.480447739562972,2024-06-24 12:16:34,48.1,0.00043222496444949665
38.98140827310604,-78.11214316566173,8.0,25.480447739562972,2024-06-24 12:18:02,48.1,0.00043222496444949665
38.98141219173016,-78.112122220696,8.0,23.245658518021127,2024-06-24 12:19:31,48.1,0.00043222496444949665
38.98134964664453,-78.11203617651077,8.0,23.245658518021127,2024-06-24 12:21:04,48.1,0.00043222496444949665
38.98141103203772,-78.11214030126763,8.0,25.480447739562972,2024-06-24 12:22:37,48.1,0.00043222496444949665
38.981407568054735,-78.1121430479544,8.0,27.7803631917344,2024-06-24 12:24:00,48.1,0.00043222496444949665
38.98109872472989,-78.11291573221722,8.0,58.831736285581336,2024-06-24 12:25:30,86.0,0.00013520822065981613
38.98129329238818,-78.11205248260892,8.0,25.480447739562972,2024-06-24 12:27:02,48.1,0.00043222496444949665
38.98153112473067,-78.11214319397915,8.0,30.14931492356065,2024-06-24 12:28:30,48.1,0.00043222496444949665
38.981541106940334,-78.11215981103034,8.0,30.14931492356065,2024-06-24 12:30:00,48.1,0.00043222496444949665
38.98154815105082,-78.11217046592976,8.0,27.7803631917344,2024-06-24 12:31:32,48.1,0.00043222496444949665
38.9815418584767,-78.11211110646545,8.0,27.7803631917344,2024-06-24 12:33:00,48.1,0.00043222496444949665
38.981567168985116,-78.11210717672472,8.0,30.14931492356065,2024-06-24 12:34:34,48.1,0.00043222496444949665
38.98156282151017,-78.11210006842971,8.0,27.7803631917344,2024-06-24 12:36:02,48.1,0.00043222496444949665
38.98153959604507,-78.1121376619058,8.0,30.14931492356065,2024-06-24 12:37:30,48.1,0.00043222496444949665
38.981547120866644,-78.11205488109192,8.0,27.7803631917344,2024-06-24 12:39:09,48.1,0.00043222496444949665
38.981238950303606,-78.1120334671386,8.0,25.480447739562972,2024-06-24 12:40:37,48.1,0.00043222496444949665
38.98130846127303,-78.11205244735143,8.0,30.14931492356065,2024-06-24 12:42:00,48.1,0.00043222496444949665
38.98119436164387,-78.11214086554445,8.0,35.11182907823195,2024-06-24 12:43:34,48.1,0.00043222496444949665
38.98116696099269,-78.11199788936634,8.0,30.14931492356065,2024-06-24 12:45:02,48.1,0.00043222496444949665
38.980901126297546,-78.1120861304866,8.0,32.59157603799735,2024-06-24 12:46:30,48.1,0.00043222496444949665
38.980957644660535,-78.11211416952132,8.0,37.71522006741689,2024-06-24 12:48:04,48.1,0.00043222496444949665
38.98081783537951,-78.11202937531253,8.0,37.71522006741689,2024-06-24 12:49:32,48.1,0.00043222496444949665
38.980897287368414,-78.11209800561278,8.0,40.407421769014626,2024-06-24 12:51:00,48.1,0.00043222496444949665
38.98103406329317,-78.11208968928769,8.0,37.71522006741689,2024-06-24 12:52:30,48.1,0.00043222496444949665
38.980972347780394,-78.11212645135356,8.0,40.407421769014626,2024-06-24 12:54:02,48.1,0.00043222496444949665
38.980839816002415,-78.11207058971343,8.0,40.407421769014626,2024-06-24 12:55:30,48.1,0.00043222496444949665
38.98100402342734,-78.11220675689303,8.0,43.19470812259763,2024-06-24 12:57:01,48.1,0.00043222496444949665
38.98108803430842,-78.11207319294651,8.0,40.407421769014626,2024-06-24 12:58:32,48.1,0.00043222496444949665
38.98111558983613,-78.1121267031705,8.0,43.19470812259763,2024-06-24 13:00:01,48.1,0.00043222496444949665
38.98107384751389,-78.11209555619043,8.0,40.407421769014626,2024-06-24 13:01:31,48.1,0.00043222496444949665
38.98118438030632,-78.11208097287161,8.0,40.407421769014626,2024-06-24 13:03:02,48.1,0.00043222496444949665
38.98102752066161,-78.11193017537524,8.0,37.71522006741689,2024-06-24 13:04:31,48.1,0.00043222496444949665
38.98098793317845,-78.11198623445637,8.0,37.71522006741689,2024-06-24 13:06:04,48.1,0.00043222496444949665
38.98103924767224,-78.11219295966731,8.0,46.084042311227975,2024-06-24 13:07:33,48.1,0.00043222496444949665
38.981092597415696,-78.11208957990186,8.0,43.19470812259763,2024-06-24 13:09:01,48.1,0.00043222496444949665
38.98112841000219,-78.11207896954014,8.0,40.407421769014626,2024-06-24 13:10:31,48.1,0.00043222496444949665
38.98109748500736,-78.11213612234272,8.0,43.19470812259763,2024-06-24 13:12:03,48.1,0.00043222496444949665
38.981259348157934,-78.11206057289444,8.0,37.71522006741689,2024-06-24 13:13:31,48.1,0.00043222496444949665
38.981219232545556,-78.1120636205219,7.0,40.407421769014626,2024-06-24 13:15:00,48.1,0.00043222496444949665
38.98096214946714,-78.11232415267187,6.0,69.9563345536149,2024-06-24 13:16:38,86.0,0.00013520822065981613
38.98144386469867,-78.11213641361775,8.0,43.19470812259763,2024-06-24 13:18:01,48.1,0.00043222496444949665
38.980876367442995,-78.11237156323207,8.0,52.2008027086037,2024-06-24 13:19:30,86.0,0.00013520822065981613
38.98099578483741,-78.11216083126544,4.0,87.74813767500933,2024-06-24 13:21:01,86.0,0.00013520822065981613
38.9810835585767,-78.11191821996857,3.0,133.86303487198188,2024-06-24 13:22:32,139.0,5.175715542673774e-05
38.981015815202646,-78.11219306538561,4.0,78.3519595209361,2024-06-24 13:24:00,86.0,0.00013520822065981613
38.98065746570338,-78.11238623096384,3.0,98.41603090780139,2024-06-24 13:25:30,86.0,0.00013520822065981613
38.98181268341212,-78.11268846870247,3.0,110.75457099090045,2024-06-24 13:27:01,139.0,5.175715542673774e-05
38.98206572760003,-78.11286366626813,4.0,110.75457099090045,2024-06-24 13:30:00,139.0,5.175715542673774e-05
38.98096775911813,-78.11237893347435,4.0,104.34443607823266,2024-06-24 13:31:32,139.0,5.175715542673774e-05
38.981963782022135,-78.1126276741631,3.0,110.75457099090045,2024-06-24 13:33:01,139.0,5.175715542673774e-05
38.9803410343746,-78.11307354989054,4.0,117.73170405170917,2024-06-24 13:34:33,139.0,5.175715542673774e-05
38.982032426709544,-78.11276855899108,3.0,125.38596065226945,2024-06-24 13:36:03,139.0,5.175715542673774e-05
38.98201040005425,-78.11286675586027,3.0,117.73170405170917,2024-06-24 13:37:35,139.0,5.175715542673774e-05
38.98211568804923,-78.1130478130844,3.0,133.86303487198188,2024-06-24 13:39:10,139.0,5.175715542673774e-05
38.98223531273808,-78.11344184735862,3.0,143.36137565999834,2024-06-24 13:40:31,139.0,5.175715542673774e-05
38.979945895566026,-78.11327492243483,3.0,133.86303487198188,2024-06-24 13:42:01,139.0,5.175715542673774e-05
38.98192857129252,-78.11277848070907,3.0,125.38596065226945,2024-06-24 13:43:34,139.0,5.175715542673774e-05
38.98231640383794,-78.11316596836271,3.0,133.86303487198188,2024-06-24 13:45:02,139.0,5.175715542673774e-05
38.98001314658052,-78.11333150614897,3.0,133.86303487198188,2024-06-24 13:48:03,139.0,5.175715542673774e-05
38.982267487662234,-78.11361247865992,3.0,133.86303487198188,2024-06-24 13:49:30,139.0,5.175715542673774e-05
38.98019747531342,-78.11328736178966,3.0,125.38596065226945,2024-06-24 13:52:32,139.0,5.175715542673774e-05
38.98192857129252,-78.11277848070907,3.0,125.38596065226945,2024-06-24 13:54:01,139.0,5.175715542673774e-05
38.98221910520546,-78.11312267392293,3.0,133.86303487198188,2024-06-24 13:55:33,139.0,5.175715542673774e-05
38.981957057314396,-78.11274209639748,3.0,133.86303487198188,2024-06-24 13:57:06,139.0,5.175715542673774e-05
38.98004756960589,-78.1135355687268,3.0,125.38596065226945,2024-06-24 13:58:35,139.0,5.175715542673774e-05
38.98025699260937,-78.11301142341236,3.0,125.38596065226945,2024-06-24 14:00:03,139.0,5.175715542673774e-05
38.98206852508613,-78.11296077536096,3.0,125.38596065226945,2024-06-24 14:01:41,139.0,5.175715542673774e-05
38.980092741993495,-78.11346166849557,3.0,125.38596065226945,2024-06-24 14:03:00,139.0,5.175715542673774e-05
38.98018897121517,-78.11318727180297,3.0,125.38596065226945,2024-06-24 14:06:00,139.0,5.175715542673774e-05
38.98189285354937,-78.11267289217423,3.0,125.38596065226945,2024-06-24 14:07:34,139.0,5.175715542673774e-05
38.981879289883665,-78.11263825042678,4.0,125.38596065226945,2024-06-24 14:09:02,139.0,5.175715542673774e-05
38.980030876861086,-78.1134121068028,4.0,133.86303487198188,2024-06-24 14:10:30,139.0,5.175715542673774e-05
38.98123067909783,-78.11205666514314,3.0,55.44665345531434,2024-06-24 14:12:04,86.0,0.00013520822065981613
38.98080066613227,-78.11213583476486,8.0,55.44665345531434,2024-06-24 14:13:31,86.0,0.00013520822065981613
38.98086977175521,-78.11228578601322,8.0,55.44665345531434,2024-06-24 14:15:04,86.0,0.00013520822065981613
38.98075600355173,-78.11277339769819,8.0,78.3519595209361,2024-06-24 14:16:33,86.0,0.00013520822065981613
38.981102644527205,-78.11253851184392,7.0,66.07128491492402,2024-06-24 14:18:01,86.0,0.00013520822065981613
38.98147307702786,-78.11224835664814,7.0,46.084042311227975,2024-06-24 14:19:36,48.1,0.00043222496444949665
38.98010541043309,-78.1128620378314,8.0,87.74813767500933,2024-06-24 14:21:03,86.0,0.00013520822065981613
38.98046791778377,-78.11242013147648,7.0,82.91030438226838,2024-06-24 14:22:31,86.0,0.00013520822065981613
38.980427925342376,-78.11288598477762,3.0,133.86303487198188,2024-06-24 14:24:01,139.0,5.175715542673774e-05
38.982070088414346,-78.11252063074208,3.0,125.38596065226945,2024-06-24 14:25:33,139.0,5.175715542673774e-05
38.98034527697532,-78.11318431334263,4.0,133.86303487198188,2024-06-24 14:27:01,139.0,5.175715542673774e-05
38.98269739061626,-78.11205298684015,3.0,133.86303487198188,2024-06-24 14:30:04,139.0,5.175715542673774e-05
38.98204510960009,-78.11210223306563,3.0,69.9563345536149,2024-06-24 14:31:31,86.0,0.00013520822065981613
38.98102041274343,-78.11209468145358,5.0,74.04256634085611,2024-06-24 14:33:00,86.0,0.00013520822065981613
38.98105888355166,-78.11218655531303,4.0,74.04256634085611,2024-06-24 14:34:33,86.0,0.00013520822065981613
38.98197532385263,-78.11208392728157,4.0,78.3519595209361,2024-06-24 14:36:02,86.0,0.00013520822065981613
38.98093462299156,-78.11222159920855,5.0,78.3519595209361,2024-06-24 14:37:35,86.0,0.00013520822065981613
38.98208079468418,-78.11186091314742,3.0,78.3519595209361,2024-06-24 14:39:08,86.0,0.00013520822065981613
38.98215540380932,-78.11137076599347,3.0,78.3519595209361,2024-06-24 14:40:30,86.0,0.00013520822065981613
38.98165488817525,-78.11213592736293,4.0,55.44665345531434,2024-06-24 14:42:00,86.0,0.00013520822065981613
38.98142957135361,-78.1123732228337,6.0,69.9563345536149,2024-06-24 14:43:33,86.0,0.00013520822065981613
38.981225635287096,-78.11237097231216,7.0,69.9563345536149,2024-06-24 14:45:02,86.0,0.00013520822065981613
38.981119947971735,-78.11230296109105,6.0,69.9563345536149,2024-06-24 14:46:30,86.0,0.00013520822065981613
38.98026370422554,-78.11319373115889,6.0,104.34443607823266,2024-06-24 14:48:00,139.0,5.175715542673774e-05
38.980320573952405,-78.11282878150895,8.0,66.07128491492402,2024-06-24 14:49:37,86.0,0.00013520822065981613
38.98040365451448,-78.1125194105286,8.0,66.07128491492402,2024-06-24 14:51:00,86.0,0.00013520822065981613
38.98092466690728,-78.11229120134463,8.0,49.083181570336876,2024-06-24 14:52:34,48.1,0.00043222496444949665
38.98113442827205,-78.11230248506882,7.0,52.2008027086037,2024-06-24 14:54:02,86.0,0.00013520822065981613
38.981054933419806,-78.11222252712717,7.0,52.2008027086037,2024-06-24 14:55:30,86.0,0.00013520822065981613
38.980757942845464,-78.11266499323871,7.0,74.04256634085611,2024-06-24 14:57:00,86.0,0.00013520822065981613
38.9810513632234,-78.11267626127449,6.0,74.04256634085611,2024-06-24 14:58:32,86.0,0.00013520822065981613
38.980306513744345,-78.11305653722764,8.0,78.3519595209361,2024-06-24 15:00:01,86.0,0.00013520822065981613
38.98142564763706,-78.11236050098825,6.0,98.41603090780139,2024-06-24 15:01:39,86.0,0.00013520822065981613
38.981495017767976,-78.11223865917958,8.0,46.084042311227975,2024-06-24 15:03:02,48.1,0.00043222496444949665
38.98146040933013,-78.11225288494776,8.0,43.19470812259763,2024-06-24 15:04:36,48.1,0.00043222496444949665
38.981445537173386,-78.1124148795871,6.0,87.74813767500933,2024-06-24 15:06:00,86.0,0.00013520822065981613
38.9814709563455,-78.11230949438291,8.0,43.19470812259763,2024-06-24 15:07:33,48.1,0.00043222496444949665
38.981536948234876,-78.11225545620213,8.0,46.084042311227975,2024-06-24 15:09:01,48.1,0.00043222496444949665
38.9815417943226,-78.11217459524562,8.0,40.407421769014626,2024-06-24 15:10:30,48.1,0.00043222496444949665
38.981402714442176,-78.1125064054274,6.0,92.90198389600589,2024-06-24 15:12:00,86.0,0.00013520822065981613
38.98133034568903,-78.11256891135747,7.0,92.90198389600589,2024-06-24 15:13:31,86.0,0.00013520822065981613
38.98149513810964,-78.11227157351622,8.0,43.19470812259763,2024-06-24 15:15:00,48.1,0.00043222496444949665
38.981433901437754,-78.11221919615248,8.0,46.084042311227975,2024-06-24 15:16:32,48.1,0.00043222496444949665
38.981534062446464,-78.11218524663951,7.0,43.19470812259763,2024-06-24 15:18:01,48.1,0.00043222496444949665
38.981465907203095,-78.11226917293267,8.0,46.084042311227975,2024-06-24 15:19:30,48.1,0.00043222496444949665
38.98125894001397,-78.11227365047135,6.0,87.74813767500933,2024-06-24 15:21:03,86.0,0.00013520822065981613
38.98157387281001,-78.112204391259,7.0,37.71522006741689,2024-06-24 15:22:31,48.1,0.00043222496444949665
38.98093278500432,-78.11264077489608,8.0,43.19470812259763,2024-06-24 15:24:00,48.1,0.00043222496444949665
38.98073120180769,-78.11239954918277,8.0,52.2008027086037,2024-06-24 15:25:38,86.0,0.00013520822065981613
38.980923636122505,-78.11224102520471,8.0,55.44665345531434,2024-06-24 15:27:01,86.0,0.00013520822065981613
38.98163291346109,-78.11236764700081,8.0,40.407421769014626,2024-06-24 15:28:30,48.1,0.00043222496444949665
38.98021489306702,-78.1133841778024,8.0,104.34443607823266,2024-06-24 15:30:01,139.0,5.175715542673774e-05
38.979657962502344,-78.11284245889263,8.0,92.90198389600589,2024-06-24 15:31:31,86.0,0.00013520822065981613
38.97989088219247,-78.11278548009653,8.0,82.91030438226838,2024-06-24 15:33:00,86.0,0.00013520822065981613
38.98007045869267,-78.11259197802312,8.0,92.90198389600589,2024-06-24 15:34:33,86.0,0.00013520822065981613
38.97984038062206,-78.11280449685242,8.0,92.90198389600589,2024-06-24 15:36:01,86.0,0.00013520822065981613
38.980004498966125,-78.11272927475845,8.0,98.41603090780139,2024-06-24 15:37:30,86.0,0.00013520822065981613
38.979972721896516,-78.11260690564445,8.0,87.74813767500933,2024-06-24 15:39:03,86.0,0.00013520822065981613
38.97950970814729,-78.1127268029367,7.0,92.90198389600589,2024-06-24 15:40:32,86.0,0.00013520822065981613
38.979852639421175,-78.11310267238555,8.0,92.90198389600589,2024-06-24 15:42:00,86.0,0.00013520822065981613
38.97979152648982,-78.11280705217143,7.0,87.74813767500933,2024-06-24 15:43:35,86.0,0.00013520822065981613
38.97999864281967,-78.1125272828687,8.0,87.74813767500933,2024-06-24 15:45:02,86.0,0.00013520822065981613
38.97949825574398,-78.11293543968826,8.0,87.74813767500933,2024-06-24 15:46:30,86.0,0.00013520822065981613
38.97964737775056,-78.11264548537622,8.0,78.3519595209361,2024-06-24 15:48:00,86.0,0.00013520822065981613
38.979753739643925,-78.11274009541917,5.0,82.91030438226838,2024-06-24 15:49:32,86.0,0.00013520822065981613
38.97942964619578,-78.11297666611222,6.0,87.74813767500933,2024-06-24 15:51:00,86.0,0.00013520822065981613
38.97966321077859,-78.11304989079004,8.0,87.74813767500933,2024-06-24 15:52:34,86.0,0.00013520822065981613
38.97945141285441,-78.11301436356815,7.0,92.90198389600589,2024-06-24 15:54:02,86.0,0.00013520822065981613
38.979560513689236,-78.11282606848643,6.0,92.90198389600589,2024-06-24 15:55:31,86.0,0.00013520822065981613
38.97977279311605,-78.11291749930172,8.0,82.91030438226838,2024-06-24 15:57:04,86.0,0.00013520822065981613
38.9800534779249,-78.11260763812238,8.0,78.3519595209361,2024-06-24 15:58:32,86.0,0.00013520822065981613
38.9794881134917,-78.113126101718,7.0,87.74813767500933,2024-06-24 16:00:01,86.0,0.00013520822065981613
38.979854836962296,-78.11283133689847,8.0,87.74813767500933,2024-06-24 16:01:30,86.0,0.00013520822065981613
38.97988314365517,-78.11272727605451,6.0,92.90198389600589,2024-06-24 16:03:03,86.0,0.00013520822065981613
38.979508051665064,-78.11274939440118,7.0,92.90198389600589,2024-06-24 16:04:31,86.0,0.00013520822065981613
38.979549705069076,-78.11297367182874,7.0,92.90198389600589,2024-06-24 16:06:00,86.0,0.00013520822065981613
38.97975592956009,-78.11287469323021,8.0,78.3519595209361,2024-06-24 16:07:30,86.0,0.00013520822065981613
38.979287528426404,-78.11304982494711,6.0,87.74813767500933,2024-06-24 16:09:01,86.0,0.00013520822065981613
38.97958764283031,-78.11297914947056,8.0,87.74813767500933,2024-06-24 16:10:30,86.0,0.00013520822065981613
38.979413320329336,-78.11294749011587,5.0,92.90198389600589,2024-06-24 16:12:00,86.0,0.00013520822065981613
38.97968383408461,-78.11290367051929,7.0,87.74813767500933,2024-06-24 16:13:31,86.0,0.00013520822065981613
38.97985197850344,-78.11294127458704,7.0,87.74813767500933,2024-06-24 16:15:00,86.0,0.00013520822065981613
38.979874932480556,-78.11275280060693,7.0,82.91030438226838,2024-06-24 16:16:33,86.0,0.00013520822065981613
38.97982060691613,-78.11274681469393,8.0,82.91030438226838,2024-06-24 16:18:02,86.0,0.00013520822065981613
38.98038343030994,-78.1130341401057,8.0,87.74813767500933,2024-06-24 16:19:30,86.0,0.00013520822065981613
38.98051235343327,-78.11316283631348,8.0,69.9563345536149,2024-06-24 16:21:03,86.0,0.00013520822065981613
38.98141762577678,-78.11276904804218,8.0,69.9563345536149,2024-06-24 16:22:32,86.0,0.00013520822065981613
38.98111986821149,-78.11273768033713,8.0,66.07128491492402,2024-06-24 16:24:00,86.0,0.00013520822065981613
38.98149952803941,-78.11245438325889,8.0,40.407421769014626,2024-06-24 16:25:33,48.1,0.00043222496444949665
38.981443361591715,-78.113202301617,8.0,87.74813767500933,2024-06-24 16:27:02,86.0,0.00013520822065981613
38.98148907857072,-78.11279228960113,8.0,55.44665345531434,2024-06-24 16:28:30,86.0,0.00013520822065981613
38.98184778750766,-78.11395555738287,8.0,98.41603090780139,2024-06-24 16:30:04,86.0,0.00013520822065981613
38.98162384351421,-78.11394798158514,7.0,98.41603090780139,2024-06-24 16:31:32,86.0,0.00013520822065981613
38.9814270837656,-78.1139325890719,7.0,110.75457099090045,2024-06-24 16:33:00,139.0,5.175715542673774e-05
38.98145869716355,-78.11397971989281,8.0,110.75457099090045,2024-06-24 16:34:34,139.0,5.175715542673774e-05
38.981231674955325,-78.11384226634408,8.0,110.75457099090045,2024-06-24 16:36:02,139.0,5.175715542673774e-05
38.98144808292127,-78.11303550369948,7.0,133.86303487198188,2024-06-24 16:37:31,139.0,5.175715542673774e-05
38.98048651270737,-78.11276549838094,7.0,78.3519595209361,2024-06-24 16:39:01,86.0,0.00013520822065981613
38.98128238531811,-78.11270796619527,5.0,110.75457099090045,2024-06-24 16:40:31,139.0,5.175715542673774e-05
38.98115280726678,-78.11272141611286,8.0,87.74813767500933,2024-06-24 16:42:01,86.0,0.00013520822065981613
38.981142584287795,-78.11290768290574,8.0,82.91030438226838,2024-06-24 16:43:34,86.0,0.00013520822065981613
38.98144652483163,-78.11385384338652,8.0,92.90198389600589,2024-06-24 16:45:01,86.0,0.00013520822065981613
38.98150282697549,-78.11337839923885,8.0,87.74813767500933,2024-06-24 16:46:31,86.0,0.00013520822065981613
38.98147896542487,-78.1133396038163,8.0,82.91030438226838,2024-06-24 16:48:04,86.0,0.00013520822065981613
38.98146719727924,-78.11301822499958,8.0,87.74813767500933,2024-06-24 16:49:31,86.0,0.00013520822065981613
38.98147933161031,-78.11376627950254,8.0,87.74813767500933,2024-06-24 16:51:01,86.0,0.00013520822065981613
38.98142964972824,-78.1131239273876,8.0,82.91030438226838,2024-06-24 16:52:31,86.0,0.00013520822065981613
38.981327758924564,-78.11379738817006,7.0,82.91030438226838,2024-06-24 16:54:03,86.0,0.00013520822065981613
38.981574060392155,-78.11318553972183,8.0,87.74813767500933,2024-06-24 16:55:31,86.0,0.00013520822065981613
38.98086323560966,-78.11321244197937,8.0,66.07128491492402,2024-06-24 16:57:01,86.0,0.00013520822065981613
38.98090814660409,-78.1129578596487,8.0,69.9563345536149,2024-06-24 16:58:33,86.0,0.00013520822065981613
38.98063625184346,-78.11316511910161,8.0,74.04256634085611,2024-06-24 17:00:02,86.0,0.00013520822065981613
38.98056721099866,-78.1136302399578,8.0,62.368533463292,2024-06-24 17:01:30,86.0,0.00013520822065981613
38.980806192758706,-78.11375795904141,8.0,74.04256634085611,2024-06-24 17:03:00,86.0,0.00013520822065981613
38.980606065557716,-78.11387954033577,7.0,74.04256634085611,2024-06-24 17:04:31,86.0,0.00013520822065981613
38.98129333502201,-78.11151672895689,3.0,154.1611975505899,2024-06-24 17:06:02,239.7,1.740459540494315e-05
38.980812974771005,-78.11303692888627,8.0,69.9563345536149,2024-06-24 17:07:30,86.0,0.00013520822065981613
38.98017580922572,-78.11281013220515,8.0,74.04256634085611,2024-06-24 17:09:02,86.0,0.00013520822065981613
38.98000363411993,-78.11280048538399,8.0,74.04256634085611,2024-06-24 17:10:30,86.0,0.00013520822065981613
38.98037057649466,-78.11278348464703,8.0,74.04256634085611,2024-06-24 17:12:00,86.0,0.00013520822065981613
38.980540532679804,-78.11275166218638,8.0,69.9563345536149,2024-06-24 17:13:32,86.0,0.00013520822065981613
38.98056804329455,-78.11252847805648,8.0,69.9563345536149,2024-06-24 17:15:00,86.0,0.00013520822065981613
38.980651929846815,-78.11272210501903,8.0,74.04256634085611,2024-06-24 17:16:30,86.0,0.00013520822065981613
38.98054359537266,-78.1128219125836,8.0,69.9563345536149,2024-06-24 17:18:02,86.0,0.00013520822065981613
38.98045772435575,-78.11316715643149,8.0,69.9563345536149,2024-06-24 17:19:31,86.0,0.00013520822065981613
38.98173597269886,-78.1134954053586,8.0,69.9563345536149,2024-06-24 17:21:01,86.0,0.00013520822065981613
38.98067410080278,-78.11350212404115,8.0,69.9563345536149,2024-06-24 17:22:32,86.0,0.00013520822065981613
38.98057827304641,-78.11366960829147,8.0,74.04256634085611,2024-06-24 17:24:01,86.0,0.00013520822065981613
38.981262668819674,-78.11271918625066,8.0,66.07128491492402,2024-06-24 17:25:31,86.0,0.00013520822065981613
38.980978807779536,-78.11285154848072,8.0,66.07128491492402,2024-06-24 17:27:02,86.0,0.00013520822065981613
38.98123816948708,-78.11250887536578,8.0,46.084042311227975,2024-06-24 17:28:31,48.1,0.00043222496444949665
38.980862427429386,-78.11332311471661,8.0,74.04256634085611,2024-06-24 17:30:04,86.0,0.00013520822065981613
38.98078438693966,-78.11327064998137,8.0,69.9563345536149,2024-06-24 17:31:33,86.0,0.00013520822065981613
38.98076250510456,-78.1130089203836,8.0,69.9563345536149,2024-06-24 17:33:01,86.0,0.00013520822065981613
38.980869754819246,-78.11305197425614,8.0,66.07128491492402,2024-06-24 17:34:34,86.0,0.00013520822065981613
38.98109176117179,-78.11256488073923,8.0,52.2008027086037,2024-06-24 17:36:03,86.0,0.00013520822065981613
38.981007209707194,-78.11275928672435,8.0,62.368533463292,2024-06-24 17:37:31,86.0,0.00013520822065981613
38.98089521588885,-78.11312425728967,8.0,66.07128491492402,2024-06-24 17:39:00,86.0,0.00013520822065981613
38.98095691170937,-78.11269155942956,8.0,69.9563345536149,2024-06-24 17:40:33,86.0,0.00013520822065981613
38.980995597037065,-78.11258236898342,8.0,49.083181570336876,2024-06-24 17:42:01,48.1,0.00043222496444949665
38.98082741204135,-78.11297769586312,8.0,66.07128491492402,2024-06-24 17:43:30,86.0,0.00013520822065981613
38.981207400546744,-78.1124622518339,8.0,52.2008027086037,2024-06-24 17:45:00,86.0,0.00013520822065981613
38.9810212941999,-78.11259462348654,8.0,49.083181570336876,2024-06-24 17:46:31,48.1,0.00043222496444949665
38.980581563071006,-78.11293724328428,8.0,55.44665345531434,2024-06-24 17:48:00,86.0,0.00013520822065981613
38.9810617335081,-78.11245106274023,8.0,46.084042311227975,2024-06-24 17:49:33,48.1,0.00043222496444949665
38.98049245715823,-78.11282418502407,8.0,62.368533463292,2024-06-24 17:51:00,86.0,0.00013520822065981613
38.98077415153712,-78.11282486048115,8.0,52.2008027086037,2024-06-24 17:52:35,86.0,0.00013520822065981613
38.98110942985072,-78.11228386651783,8.0,32.59157603799735,2024-06-24 17:54:00,48.1,0.00043222496444949665
38.98098612548294,-78.11221432595327,8.0,32.59157603799735,2024-06-24 17:55:32,48.1,0.00043222496444949665
38.98072589417378,-78.11289474778582,8.0,52.2008027086037,2024-06-24 17:57:00,86.0,0.00013520822065981613
38.981720735562874,-78.1127510116907,8.0,69.9563345536149,2024-06-24 17:58:30,86.0,0.00013520822065981613
38.98054079996567,-78.11253082860573,5.0,117.73170405170917,2024-06-24 18:00:02,139.0,5.175715542673774e-05
38.98027343553208,-78.11306808161642,5.0,133.86303487198188,2024-06-24 18:01:30,139.0,5.175715542673774e-05
38.98057625601823,-78.11293897335615,7.0,92.90198389600589,2024-06-24 18:03:00,86.0,0.00013520822065981613
38.98129820188772,-78.11239819976312,8.0,62.368533463292,2024-06-24 18:04:30,86.0,0.00013520822065981613
38.98053386349959,-78.11310644916333,8.0,87.74813767500933,2024-06-24 18:06:00,86.0,0.00013520822065981613
38.980424521529564,-78.11300055701764,8.0,92.90198389600589,2024-06-24 18:07:31,86.0,0.00013520822065981613
38.980245813539895,-78.11296537641502,8.0,87.74813767500933,2024-06-24 18:09:02,86.0,0.00013520822065981613
38.98018403995829,-78.11318533775285,8.0,87.74813767500933,2024-06-24 18:10:31,86.0,0.00013520822065981613
38.98130396651861,-78.11226363813384,8.0,32.59157603799735,2024-06-24 18:12:04,48.1,0.00043222496444949665
38.98096964273302,-78.11271686419404,8.0,66.07128491492402,2024-06-24 18:13:32,86.0,0.00013520822065981613
38.981209254804895,-78.11267735928018,8.0,69.9563345536149,2024-06-24 18:15:01,86.0,0.00013520822065981613
38.980400069285714,-78.11328848382749,8.0,62.368533463292,2024-06-24 18:16:36,86.0,0.00013520822065981613
38.98167953015664,-78.11399078331124,8.0,133.86303487198188,2024-06-24 18:18:00,139.0,5.175715542673774e-05
38.98196774956334,-78.11408306695594,8.0,117.73170405170917,2024-06-24 18:19:31,139.0,5.175715542673774e-05
38.981031575329496,-78.11365892114684,8.0,66.07128491492402,2024-06-24 18:21:01,86.0,0.00013520822065981613
38.980316034483366,-78.11301539726504,8.0,74.04256634085611,2024-06-24 18:22:33,86.0,0.00013520822065981613
38.98095022017098,-78.11304568464749,8.0,92.90198389600589,2024-06-24 18:24:01,86.0,0.00013520822065981613
38.981801230427294,-78.1131926314608,8.0,92.90198389600589,2024-06-24 18:25:30,86.0,0.00013520822065981613
38.98158179455125,-78.11214080925788,8.0,30.14931492356065,2024-06-24 18:27:03,48.1,0.00043222496444949665
38.98153592172872,-78.11238415429867,8.0,49.083181570336876,2024-06-24 18:28:31,48.1,0.00043222496444949665
38.98149938165663,-78.11209745554935,7.0,143.36137565999834,2024-06-24 18:30:00,139.0,5.175715542673774e-05
38.981188558871025,-78.1140554554415,8.0,133.86303487198188,2024-06-24 18:31:33,139.0,5.175715542673774e-05
38.98140610586835,-78.11278992158988,8.0,133.86303487198188,2024-06-24 18:33:03,139.0,5.175715542673774e-05
38.98148759804959,-78.1121391239732,8.0,43.19470812259763,2024-06-24 18:34:35,48.1,0.00043222496444949665
38.98140699499246,-78.1125496924582,7.0,133.86303487198188,2024-06-24 18:36:00,139.0,5.175715542673774e-05
38.98141810439774,-78.11264179205477,7.0,133.86303487198188,2024-06-24 18:37:32,139.0,5.175715542673774e-05
38.981400906823815,-78.11223979639986,6.0,143.36137565999834,2024-06-24 18:39:00,139.0,5.175715542673774e-05
38.98137297311316,-78.11243525338205,6.0,143.36137565999834,2024-06-24 18:40:30,139.0,5.175715542673774e-05
38.980952044208685,-78.11288385752339,6.0,154.1611975505899,2024-06-24 18:42:02,239.7,1.740459540494315e-05
38.9812673190408,-78.11256688339758,6.0,143.36137565999834,2024-06-24 18:43:30,139.0,5.175715542673774e-05
38.98130404921812,-78.11257056077599,6.0,143.36137565999834,2024-06-24 18:45:01,139.0,5.175715542673774e-05
38.98095971657348,-78.11240843511915,5.0,143.36137565999834,2024-06-24 18:46:32,139.0,5.175715542673774e-05
38.98112323291354,-78.1125309570282,7.0,143.36137565999834,2024-06-24 18:48:00,139.0,5.175715542673774e-05
38.981007743929645,-78.1122891898357,7.0,133.86303487198188,2024-06-24 18:49:33,139.0,5.175715542673774e-05
38.98122018617502,-78.11206854970725,7.0,52.2008027086037,2024-06-24 18:51:00,86.0,0.00013520822065981613
38.98113799295254,-78.1119043461113,6.0,117.73170405170917,2024-06-24 18:52:30,139.0,5.175715542673774e-05
38.98071546314134,-78.11272991244576,7.0,133.86303487198188,2024-06-24 18:54:00,139.0,5.175715542673774e-05
38.9811839745741,-78.11415146610292,6.0,133.86303487198188,2024-06-24 18:55:30,139.0,5.175715542673774e-05
38.98139166480423,-78.11223326201662,8.0,52.2008027086037,2024-06-24 18:57:00,86.0,0.00013520822065981613
38.98063695908107,-78.1131501772038,8.0,58.831736285581336,2024-06-24 18:58:30,86.0,0.00013520822065981613
38.979952100320524,-78.11328826544315,8.0,69.9563345536149,2024-06-24 19:00:00,86.0,0.00013520822065981613
38.98057248154629,-78.1130422406607,8.0,87.74813767500933,2024-06-24 19:01:31,86.0,0.00013520822065981613
38.9813382903381,-78.11208699160399,8.0,37.71522006741689,2024-06-24 19:03:01,48.1,0.00043222496444949665
38.981175038584695,-78.11241697278913,7.0,78.3519595209361,2024-06-24 19:04:32,86.0,0.00013520822065981613
38.98093694367268,-78.11230729456123,6.0,92.90198389600589,2024-06-24 19:06:02,86.0,0.00013520822065981613
38.981174612952636,-78.11195389267307,6.0,46.084042311227975,2024-06-24 19:07:31,48.1,0.00043222496444949665
38.981027614000226,-78.11230515205357,6.0,87.74813767500933,2024-06-24 19:09:00,86.0,0.00013520822065981613
38.981118142951736,-78.11222761059824,5.0,92.90198389600589,2024-06-24 19:10:31,86.0,0.00013520822065981613
38.98071792979821,-78.11220438021333,3.0,78.3519595209361,2024-06-24 19:12:00,86.0,0.00013520822065981613
38.980670520860684,-78.11246762188858,6.0,78.3519595209361,2024-06-24 19:13:30,86.0,0.00013520822065981613
38.98128311537684,-78.11211132913562,5.0,55.44665345531434,2024-06-24 19:15:01,86.0,0.00013520822065981613
38.981091629603995,-78.11187733286141,4.0,55.44665345531434,2024-06-24 19:16:35,86.0,0.00013520822065981613
38.98103928352247,-78.11187921302248,4.0,62.368533463292,2024-06-24 19:18:00,86.0,0.00013520822065981613
38.98103517627189,-78.11220089955573,6.0,87.74813767500933,2024-06-24 19:19:31,86.0,0.00013520822065981613
38.981141991944476,-78.11245281812297,5.0,92.90198389600589,2024-06-24 19:21:00,86.0,0.00013520822065981613
38.98079863688768,-78.11242455160655,6.0,78.3519595209361,2024-06-24 19:22:33,86.0,0.00013520822065981613
38.980984683388314,-78.11236374594476,5.0,82.91030438226838,2024-06-24 19:24:01,86.0,0.00013520822065981613
38.980999550497884,-78.1122246173863,5.0,82.91030438226838,2024-06-24 19:25:30,86.0,0.00013520822065981613
38.981089075052374,-78.11239281296207,6.0,78.3519595209361,2024-06-24 19:27:00,86.0,0.00013520822065981613
38.98140899518324,-78.1121256269284,6.0,43.19470812259763,2024-06-24 19:28:31,48.1,0.00043222496444949665
38.9809894706667,-78.1124381249443,8.0,66.07128491492402,2024-06-24 19:30:00,86.0,0.00013520822065981613
38.98116625140949,-78.11187153403931,8.0,32.59157603799735,2024-06-24 19:31:30,48.1,0.00043222496444949665
38.980538757341336,-78.11263962329278,7.0,78.3519595209361,2024-06-24 19:33:01,86.0,0.00013520822065981613
38.980663699693054,-78.11280312078343,8.0,58.831736285581336,2024-06-24 19:34:35,86.0,0.00013520822065981613
38.98030374408552,-78.11314754668858,8.0,69.9563345536149,2024-06-24 19:36:00,86.0,0.00013520822065981613
38.98059750229399,-78.11250729202854,8.0,46.084042311227975,2024-06-24 19:37:32,48.1,0.00043222496444949665
38.98072970229821,-78.11297731174525,8.0,49.083181570336876,2024-06-24 19:39:00,48.1,0.00043222496444949665
38.981396044413614,-78.11219182874802,8.0,27.7803631917344,2024-06-24 19:40:33,48.1,0.00043222496444949665
38.98104308365544,-78.113063473581,8.0,66.07128491492402,2024-06-24 19:42:02,86.0,0.00013520822065981613
38.98125007154539,-78.1126846911853,8.0,62.368533463292,2024-06-24 19:43:30,86.0,0.00013520822065981613
38.981197671985655,-78.11283306205883,8.0,62.368533463292,2024-06-24 19:45:00,86.0,0.00013520822065981613
38.98145523593579,-78.11282472936264,8.0,66.07128491492402,2024-06-24 19:46:32,86.0,0.00013520822065981613
38.98134155895485,-78.11272686262704,8.0,66.07128491492402,2024-06-24 19:48:00,86.0,0.00013520822065981613
38.98130346073842,-78.11287865172837,8.0,66.07128491492402,2024-06-24 19:49:30,86.0,0.00013520822065981613
38.98140652291798,-78.11287813922047,8.0,66.07128491492402,2024-06-24 19:51:00,86.0,0.00013520822065981613
38.98089239186843,-78.11261669466207,8.0,52.2008027086037,2024-06-24 19:52:30,86.0,0.00013520822065981613
38.9812398787247,-78.11202391052412,8.0,25.480447739562972,2024-06-24 19:54:00,48.1,0.00043222496444949665
38.981147211313235,-78.11202458650759,8.0,27.7803631917344,2024-06-24 19:55:32,48.1,0.00043222496444949665
38.98079249934044,-78.11278434579701,8.0,55.44665345531434,2024-06-24 19:57:01,86.0,0.00013520822065981613
38.98116634512708,-78.11284879836633,8.0,58.831736285581336,2024-06-24 19:58:34,86.0,0.00013520822065981613
38.980800297582654,-78.11269304465276,8.0,52.2008027086037,2024-06-24 20:00:02,86.0,0.00013520822065981613
38.981622287952376,-78.11242844142856,8.0,52.2008027086037,2024-06-24 20:01:31,86.0,0.00013520822065981613
38.98031697230203,-78.1128536819462,8.0,66.07128491492402,2024-06-24 20:03:04,86.0,0.00013520822065981613
38.980449718799576,-78.11268300904977,8.0,62.368533463292,2024-06-24 20:04:32,86.0,0.00013520822065981613
38.9803441386875,-78.11319547379942,8.0,62.368533463292,2024-06-24 20:06:01,86.0,0.00013520822065981613
38.9815364289085,-78.11209553923798,8.0,23.245658518021127,2024-06-24 20:07:30,48.1,0.00043222496444949665
38.98147987040861,-78.11322169724343,8.0,58.831736285581336,2024-06-24 20:09:03,86.0,0.00013520822065981613
38.98152793442805,-78.11327576430257,8.0,62.368533463292,2024-06-24 20:10:31,86.0,0.00013520822065981613
38.98147582802024,-78.11309511117771,8.0,58.831736285581336,2024-06-24 20:12:04,86.0,0.00013520822065981613
38.98147793715988,-78.11313781647708,8.0,55.44665345531434,2024-06-24 20:13:31,86.0,0.00013520822065981613
38.98154771317411,-78.1132936206855,8.0,62.368533463292,2024-06-24 20:15:01,86.0,0.00013520822065981613
38.981465092308554,-78.11314443086881,8.0,62.368533463292,2024-06-24 20:16:34,86.0,0.00013520822065981613
38.981580852987676,-78.1132266570808,8.0,62.368533463292,2024-06-24 20:18:03,86.0,0.00013520822065981613
38.98152699544894,-78.11217809110664,8.0,23.245658518021127,2024-06-24 20:19:31,48.1,0.00043222496444949665
38.981534108358225,-78.1131779192018,8.0,62.368533463292,2024-06-24 20:21:00,86.0,0.00013520822065981613
38.981226014007454,-78.11309634146443,8.0,58.831736285581336,2024-06-24 20:22:33,86.0,0.00013520822065981613
38.981536769920915,-78.11333109713388,8.0,62.368533463292,2024-06-24 20:24:02,86.0,0.00013520822065981613
38.98155250224636,-78.11300692606643,8.0,66.07128491492402,2024-06-24 20:25:30,86.0,0.00013520822065981613
38.98140136397783,-78.11285352201799,8.0,62.368533463292,2024-06-24 20:27:00,86.0,0.00013520822065981613
38.98142275827106,-78.1131513437599,8.0,62.368533463292,2024-06-24 20:28:31,86.0,0.00013520822065981613
38.981371821006306,-78.11301849774716,8.0,62.368533463292,2024-06-24 20:30:00,86.0,0.00013520822065981613
38.98150674416508,-78.1122643534377,8.0,27.7803631917344,2024-06-24 20:31:33,48.1,0.00043222496444949665
38.98156229712786,-78.112089789706,8.0,21.07240853418264,2024-06-24 20:33:02,48.1,0.00043222496444949665
38.980923912407796,-78.11294561303116,8.0,49.083181570336876,2024-06-24 20:34:30,48.1,0.00043222496444949665
38.98101366337871,-78.11244454340112,8.0,46.084042311227975,2024-06-24 20:36:01,48.1,0.00043222496444949665
38.98071700897291,-78.11261975685764,8.0,46.084042311227975,2024-06-24 20:37:32,48.1,0.00043222496444949665
38.98058651106701,-78.11265028642345,8.0,49.083181570336876,2024-06-24 20:39:00,48.1,0.00043222496444949665
38.98031903632074,-78.1126341624777,8.0,49.083181570336876,2024-06-24 20:40:34,48.1,0.00043222496444949665
38.980214518588916,-78.1125466277552,8.0,43.19470812259763,2024-06-24 20:42:02,48.1,0.00043222496444949665
38.98082502100092,-78.11287008904617,8.0,43.19470812259763,2024-06-24 20:43:30,48.1,0.00043222496444949665
38.98063187023888,-78.11257642101229,8.0,40.407421769014626,2024-06-24 20:45:00,48.1,0.00043222496444949665
38.981166947454554,-78.11259141841049,8.0,43.19470812259763,2024-06-24 20:46:30,48.1,0.00043222496444949665
38.98095675760228,-78.11299760731038,8.0,66.07128491492402,2024-06-24 20:48:00,86.0,0.00013520822065981613
38.98121971897603,-78.11271410841778,8.0,66.07128491492402,2024-06-24 20:49:34,86.0,0.00013520822065981613
38.98144526264846,-78.11264365502463,8.0,74.04256634085611,2024-06-24 20:51:00,86.0,0.00013520822065981613
38.981712755382034,-78.11280767018484,8.0,78.3519595209361,2024-06-24 20:52:30,86.0,0.00013520822065981613
38.98047971129403,-78.11318434007767,8.0,78.3519595209361,2024-06-24 20:54:04,86.0,0.00013520822065981613
38.98057339418977,-78.1121675991763,7.0,78.3519595209361,2024-06-24 20:55:32,86.0,0.00013520822065981613
38.98060635066138,-78.11215724814063,8.0,66.07128491492402,2024-06-24 20:57:01,86.0,0.00013520822065981613
38.98051399831686,-78.11250357139863,8.0,66.07128491492402,2024-06-24 20:58:34,86.0,0.00013520822065981613
38.98047834968066,-78.11252762380042,8.0,62.368533463292,2024-06-24 21:00:02,86.0,0.00013520822065981613
38.98067831837738,-78.11194195141604,7.0,66.07128491492402,2024-06-24 21:01:30,86.0,0.00013520822065981613
38.980817566981464,-78.11239289527227,7.0,82.91030438226838,2024-06-24 21:03:04,86.0,0.00013520822065981613
38.98090199282118,-78.1121254980454,7.0,82.91030438226838,2024-06-24 21:04:33,86.0,0.00013520822065981613
38.981169437240325,-78.11258249552552,7.0,78.3519595209361,2024-06-24 21:06:01,86.0,0.00013520822065981613
38.980949820098175,-78.1124685190448,7.0,69.9563345536149,2024-06-24 21:07:34,86.0,0.00013520822065981613
38.98084590518026,-78.11231467836463,8.0,69.9563345536149,2024-06-24 21:09:03,86.0,0.00013520822065981613
38.980837871166564,-78.11231954372437,8.0,74.04256634085611,2024-06-24 21:10:31,86.0,0.00013520822065981613
38.9803566354449,-78.11251407754881,8.0,58.831736285581336,2024-06-24 21:12:00,86.0,0.00013520822065981613
38.98100575812052,-78.11270812846826,8.0,62.368533463292,2024-06-24 21:13:33,86.0,0.00013520822065981613
38.98131709270151,-78.1128152662921,8.0,66.07128491492402,2024-06-24 21:15:01,86.0,0.00013520822065981613
38.98192325876237,-78.11322388192166,8.0,69.9563345536149,2024-06-24 21:16:31,86.0,0.00013520822065981613
38.981602537277006,-78.11218925794533,8.0,32.59157603799735,2024-06-24 21:18:03,48.1,0.00043222496444949665
38.981664605516364,-78.11216782859685,8.0,35.11182907823195,2024-06-24 21:19:31,48.1,0.00043222496444949665
38.98058198199993,-78.11408868073406,8.0,92.90198389600589,2024-06-24 21:21:04,86.0,0.00013520822065981613
38.98115733303864,-78.11382770065785,8.0,74.04256634085611,2024-06-24 21:22:33,86.0,0.00013520822065981613
38.981352295950416,-78.11296965701621,8.0,78.3519595209361,2024-06-24 21:24:01,86.0,0.00013520822065981613
38.981723973215864,-78.11292513394878,8.0,82.91030438226838,2024-06-24 21:25:30,86.0,0.00013520822065981613
38.98151477389786,-78.11296986535919,8.0,78.3519595209361,2024-06-24 21:27:03,86.0,0.00013520822065981613
38.98096016592831,-78.11331303753413,8.0,87.74813767500933,2024-06-24 21:28:31,86.0,0.00013520822065981613
38.981395309627686,-78.1138433248358,8.0,82.91030438226838,2024-06-24 21:30:00,86.0,0.00013520822065981613
38.98150167968822,-78.11369630458924,8.0,92.90198389600589,2024-06-24 21:31:33,86.0,0.00013520822065981613
38.98080586689267,-78.11371888561366,8.0,87.74813767500933,2024-06-24 21:33:01,86.0,0.00013520822065981613
38.981231683004,-78.11302086789583,8.0,87.74813767500933,2024-06-24 21:34:30,86.0,0.00013520822065981613
38.98140142168424,-78.11361806844742,8.0,82.91030438226838,2024-06-24 21:36:03,86.0,0.00013520822065981613
38.981360078942274,-78.11287114876991,8.0,92.90198389600589,2024-06-24 21:37:31,86.0,0.00013520822065981613
38.980835537357414,-78.11332241479246,8.0,78.3519595209361,2024-06-24 21:39:00,86.0,0.00013520822065981613
38.981044147420654,-78.11255783518254,8.0,66.07128491492402,2024-06-24 21:40:33,86.0,0.00013520822065981613
38.98153558605405,-78.11303850586016,8.0,62.368533463292,2024-06-24 21:42:01,86.0,0.00013520822065981613
38.98105103611489,-78.11303080480542,8.0,66.07128491492402,2024-06-24 21:43:30,86.0,0.00013520822065981613
38.98071651038456,-78.11297409755127,8.0,69.9563345536149,2024-06-24 21:45:00,86.0,0.00013520822065981613
38.98085244832859,-78.11256901692657,8.0,58.831736285581336,2024-06-24 21:46:32,86.0,0.00013520822065981613
38.98059596202987,-78.11270198213656,8.0,62.368533463292,2024-06-24 21:48:00,86.0,0.00013520822065981613
38.98050546786479,-78.11288637276499,8.0,62.368533463292,2024-06-24 21:49:33,86.0,0.00013520822065981613
38.98067746145325,-78.11263308524292,8.0,58.831736285581336,2024-06-24 21:51:02,86.0,0.00013520822065981613
38.98056193299933,-78.11285727749579,8.0,62.368533463292,2024-06-24 21:52:30,86.0,0.00013520822065981613
38.980681773378116,-78.11261177136524,8.0,66.07128491492402,2024-06-24 21:54:03,86.0,0.00013520822065981613
38.98077318076434,-78.11261958020977,8.0,66.07128491492402,2024-06-24 21:55:32,86.0,0.00013520822065981613
38.98067828380965,-78.1126682182918,8.0,66.07128491492402,2024-06-24 21:57:05,86.0,0.00013520822065981613
38.980778960783795,-78.11264194580427,8.0,58.831736285581336,2024-06-24 21:58:30,86.0,0.00013520822065981613
38.98109081596626,-78.11252315104218,8.0,62.368533463292,2024-06-24 22:00:02,86.0,0.00013520822065981613
38.980840482049345,-78.11287421689175,8.0,62.368533463292,2024-06-24 22:01:30,86.0,0.00013520822065981613
38.980784807915654,-78.11263623882233,8.0,58.831736285581336,2024-06-24 22:03:04,86.0,0.00013520822065981613
38.9808220192308,-78.11274750195967,8.0,58.831736285581336,2024-06-24 22:04:30,86.0,0.00013520822065981613
38.98068738453408,-78.11270526043018,8.0,58.831736285581336,2024-06-24 22:06:00,86.0,0.00013520822065981613
38.98086191995778,-78.11266082510227,8.0,62.368533463292,2024-06-24 22:07:30,86.0,0.00013520822065981613
38.980769155451114,-78.11281092734393,8.0,66.07128491492402,2024-06-24 22:09:02,86.0,0.00013520822065981613
38.98090300822535,-78.11262561243566,8.0,58.831736285581336,2024-06-24 22:10:30,86.0,0.00013520822065981613
38.98085559957717,-78.11317195905465,8.0,62.368533463292,2024-06-24 22:12:00,86.0,0.00013520822065981613
38.981240335201335,-78.11272118443648,8.0,66.07128491492402,2024-06-24 22:13:32,86.0,0.00013520822065981613
38.98063169907112,-78.11248955021694,8.0,58.831736285581336,2024-06-24 22:15:01,86.0,0.00013520822065981613
38.98012382384,-78.11361179358893,8.0,87.74813767500933,2024-06-24 22:16:34,86.0,0.00013520822065981613
38.980975547925944,-78.11261609972655,8.0,62.368533463292,2024-06-24 22:18:02,86.0,0.00013520822065981613
38.981676396433684,-78.11275985089353,8.0,87.74813767500933,2024-06-24 22:19:30,86.0,0.00013520822065981613
38.981300211780464,-78.11261126626508,8.0,69.9563345536149,2024-06-24 22:21:01,86.0,0.00013520822065981613
38.98131788832858,-78.11275160961023,8.0,66.07128491492402,2024-06-24 22:22:38,86.0,0.00013520822065981613
38.98135281432788,-78.11269770428868,8.0,74.04256634085611,2024-06-24 22:24:00,86.0,0.00013520822065981613
38.981317458322835,-78.11260309501861,7.0,78.3519595209361,2024-06-24 22:25:34,86.0,0.00013520822065981613
38.9812704401816,-78.11243912603331,5.0,74.04256634085611,2024-06-24 22:27:02,86.0,0.00013520822065981613
38.98137077508013,-78.11252910570833,7.0,74.04256634085611,2024-06-24 22:28:30,86.0,0.00013520822065981613
38.98074712140892,-78.11286919626512,8.0,74.04256634085611,2024-06-24 22:30:04,86.0,0.00013520822065981613
38.98002423539562,-78.11329332095173,8.0,125.38596065226945,2024-06-24 22:31:32,139.0,5.175715542673774e-05
38.97972994233176,-78.11344776641722,8.0,98.41603090780139,2024-06-24 22:33:01,86.0,0.00013520822065981613
38.97994384515783,-78.11313648532868,8.0,87.74813767500933,2024-06-24 22:34:44,86.0,0.00013520822065981613
38.98001999734323,-78.11308798370067,8.0,87.74813767500933,2024-06-24 22:36:02,86.0,0.00013520822065981613
38.97971330479864,-78.11364324726465,8.0,110.75457099090045,2024-06-24 22:37:31,139.0,5.175715542673774e-05
38.979909326527626,-78.11340527776889,8.0,98.41603090780139,2024-06-24 22:39:04,86.0,0.00013520822065981613
38.980068652566175,-78.11332356873801,8.0,92.90198389600589,2024-06-24 22:40:32,86.0,0.00013520822065981613
38.97989073627486,-78.11319764313683,8.0,92.90198389600589,2024-06-24 22:42:01,86.0,0.00013520822065981613
38.98011338972901,-78.11351863808272,8.0,110.75457099090045,2024-06-24 22:43:34,139.0,5.175715542673774e-05
38.98015307939281,-78.1129695992273,8.0,110.75457099090045,2024-06-24 22:45:03,139.0,5.175715542673774e-05
38.98011048648288,-78.11316721522788,8.0,104.34443607823266,2024-06-24 22:46:31,139.0,5.175715542673774e-05
38.979686950029496,-78.11303805014856,8.0,92.90198389600589,2024-06-24 22:48:04,86.0,0.00013520822065981613
38.97966349529659,-78.11347669394183,8.0,98.41603090780139,2024-06-24 22:49:33,86.0,0.00013520822065981613
38.98000813830134,-78.11345061376834,8.0,110.75457099090045,2024-06-24 22:51:01,139.0,5.175715542673774e-05
38.98117075310222,-78.11307207922353,8.0,78.3519595209361,2024-06-24 22:52:30,86.0,0.00013520822065981613
38.981407290585544,-78.11255654008733,6.0,87.74813767500933,2024-06-24 22:54:03,86.0,0.00013520822065981613
38.98025550862903,-78.11296411289369,8.0,92.90198389600589,2024-06-24 22:55:31,86.0,0.00013520822065981613
38.97985789751407,-78.11274051315587,6.0,98.41603090780139,2024-06-24 22:57:04,86.0,0.00013520822065981613
38.98006466091304,-78.11292221762713,8.0,92.90198389600589,2024-06-24 22:58:33,86.0,0.00013520822065981613
38.980555225756156,-78.11294326298493,8.0,82.91030438226838,2024-06-24 23:00:04,86.0,0.00013520822065981613
38.981585817842884,-78.11280722600573,8.0,82.91030438226838,2024-06-24 23:01:32,86.0,0.00013520822065981613
38.98144487711871,-78.11261788874357,8.0,74.04256634085611,2024-06-24 23:03:02,86.0,0.00013520822065981613
38.98131198185547,-78.11235434553045,7.0,78.3519595209361,2024-06-24 23:04:31,86.0,0.00013520822065981613
38.98137424491659,-78.1124367525908,6.0,78.3519595209361,2024-06-24 23:06:04,86.0,0.00013520822065981613
38.98146060580302,-78.1125973906617,8.0,82.91030438226838,2024-06-24 23:07:33,86.0,0.00013520822065981613
38.981392729161826,-78.11252809522152,7.0,82.91030438226838,2024-06-24 23:09:01,86.0,0.00013520822065981613
38.98144206582607,-78.11265947325121,7.0,82.91030438226838,2024-06-24 23:10:35,86.0,0.00013520822065981613
38.981400241459575,-78.11267591438104,6.0,82.91030438226838,2024-06-24 23:12:13,86.0,0.00013520822065981613
38.98137315453091,-78.11241228408451,7.0,82.91030438226838,2024-06-24 23:13:31,86.0,0.00013520822065981613
38.98151758624636,-78.11223957682246,8.0,49.083181570336876,2024-06-24 23:15:05,48.1,0.00043222496444949665
38.981360420764965,-78.11245657508235,8.0,66.07128491492402,2024-06-24 23:16:33,86.0,0.00013520822065981613
38.981554910676905,-78.11262219311037,7.0,82.91030438226838,2024-06-24 23:18:01,86.0,0.00013520822065981613
38.98148029387156,-78.11261332935445,8.0,78.3519595209361,2024-06-24 23:19:30,86.0,0.00013520822065981613
38.981416717592246,-78.1125577621586,8.0,78.3519595209361,2024-06-24 23:21:00,86.0,0.00013520822065981613
38.981218834276724,-78.11260458072906,8.0,69.9563345536149,2024-06-24 23:22:31,86.0,0.00013520822065981613
38.980882149920255,-78.11296767794428,8.0,66.07128491492402,2024-06-24 23:24:00,86.0,0.00013520822065981613
38.98144384379784,-78.11304373755762,8.0,92.90198389600589,2024-06-24 23:25:43,86.0,0.00013520822065981613
38.98072347362092,-78.11270060720163,8.0,69.9563345536149,2024-06-24 23:27:01,86.0,0.00013520822065981613
38.98049197229733,-78.11325207184758,8.0,69.9563345536149,2024-06-24 23:28:30,86.0,0.00013520822065981613
38.98105934757273,-78.1117049758902,3.0,125.38596065226945,2024-06-24 23:30:03,139.0,5.175715542673774e-05
38.980265400729536,-78.11316820978222,5.0,87.74813767500933,2024-06-24 23:42:00,86.0,0.00013520822065981613
38.98102990677295,-78.11255348163454,5.0,78.3519595209361,2024-06-24 23:43:32,86.0,0.00013520822065981613
38.98100223190745,-78.112311535134,4.0,87.74813767500933,2024-06-24 23:45:00,86.0,0.00013520822065981613
38.98110978189122,-78.11235703685648,4.0,92.90198389600589,2024-06-24 23:46:33,86.0,0.00013520822065981613
38.98106520953944,-78.11229617758849,4.0,92.90198389600589,2024-06-24 23:48:01,86.0,0.00013520822065981613
38.98106520953944,-78.11229617758849,4.0,92.90198389600589,2024-06-24 23:49:30,86.0,0.00013520822065981613
38.98106520953944,-78.11229617758849,4.0,92.90198389600589,2024-06-24 23:51:03,86.0,0.00013520822065981613
38.981077756706895,-78.11234666979516,5.0,92.90198389600589,2024-06-24 23:52:31,86.0,0.00013520822065981613
38.98097014315577,-78.11298696891181,8.0,69.9563345536149,2024-06-24 23:54:02,86.0,0.00013520822065981613
38.98117354796737,-78.11281835884657,8.0,69.9563345536149,2024-06-24 23:55:32,86.0,0.00013520822065981613
38.98113224622275,-78.112876167513,8.0,69.9563345536149,2024-06-24 23:57:00,86.0,0.00013520822065981613
38.981079832013144,-78.11284348356648,8.0,69.9563345536149,2024-06-24 23:58:34,86.0,0.00013520822065981613
